SrcBytes,SIntPktMax,Proto_arp,Proto_icmp,Proto_ipv6-icmp,Proto_tcp,Proto_udp,State_CLO,State_CON,State_ECO,State_FIN,State_INT,State_NRS,State_REQ,State_RST,State_TST,State_URH,State_URHPRO
1.3490964446878986,-0.6601568228584426,0,1,0,0,0,0,0,1,0,0,0,0,0,0,0,0
0.6535219801431185,-0.6657414177188357,0,0,0,1,0,0,0,0,0,0,0,0,1,0,0,0
-0.5950341837147619,1.010647257745684,0,0,0,1,0,0,0,0,0,0,0,0,1,0,0,0
0.6535219801431185,-0.665925411757374,0,0,0,1,0,0,0,0,0,0,0,0,1,0,0,0
-0.5859917156756798,0.167851175753031,0,0,0,1,0,0,0,0,0,0,0,0,1,0,0,0
-0.7557414747091652,-0.7222957622349713,0,0,0,1,0,0,1,0,0,0,0,0,0,0,0,0
-0.7457419843661309,4.848361293213967,0,0,0,1,0,0,1,0,0,0,0,0,0,0,0,0
0.6535219801431185,-0.6599825821677532,0,0,0,1,0,0,0,0,0,0,0,0,1,0,0,0
-0.7093402540549542,2.342678955773582,0,0,0,1,0,0,0,0,0,0,0,0,1,0,0,0
1.0279729002230584,-0.7009180715613175,0,0,0,0,1,0,1,0,0,0,0,0,0,0,0,0
-0.1920647105884859,0.589805788675725,0,0,0,1,0,0,1,0,0,0,0,0,0,0,0,0
-0.6451155451619861,-0.1386056688858816,0,0,0,1,0,0,0,0,1,0,0,0,0,0,0,0
-0.4723812198000323,-0.7006145703253125,0,0,0,1,0,0,0,0,0,0,0,0,1,0,0,0
-0.6110323963992919,0.1617522352251931,0,0,0,1,0,0,0,0,0,0,0,1,0,0,0,0
0.6535219801431185,-0.6662842202129456,0,0,0,1,0,0,0,0,0,0,0,0,1,0,0,0
-0.7267296156685736,2.140319707471548,0,0,0,1,0,0,1,0,0,0,0,0,0,0,0,0
-0.5859917156756798,0.8709680715126897,0,0,0,1,0,0,0,0,0,0,0,0,1,0,0,0
-0.5734713753138737,-0.7063701356362339,0,0,0,1,0,0,0,0,0,0,0,0,1,0,0,0
-0.7376269489464419,-0.7122352253062352,0,0,0,1,0,0,0,0,0,0,0,0,1,0,0,0
-0.4682077730127637,-0.6547004558359458,0,0,0,1,0,0,0,0,0,0,0,0,1,0,0,0
0.6535219801431185,-0.6605933712336338,0,0,0,1,0,0,0,0,0,0,0,0,1,0,0,0
0.4933079951429707,-0.5411865185046366,0,0,0,0,1,0,1,0,0,0,0,0,0,0,0,0
-0.08607550176004909,-0.5505079651617605,0,0,0,1,0,0,0,0,1,0,0,0,0,0,0,0
0.6535219801431185,-0.6645804824616411,0,0,0,1,0,0,0,0,0,0,0,0,1,0,0,0
3.560791383785451,-0.6676166996470124,0,0,0,1,0,0,1,0,0,0,0,0,0,0,0,0
1.5471033089283126,0.2750572214219976,0,0,0,1,0,0,1,0,0,0,0,0,0,0,0,0
0.9709357941303864,0.7898105788070277,0,0,0,1,0,0,1,0,0,0,0,0,0,0,0,0
-0.6101049637798989,-0.0733694838361753,0,0,0,1,0,0,1,0,0,0,0,0,0,0,0,0
-0.5080873756466644,0.0684444807504116,0,0,0,1,0,0,0,0,0,0,0,1,0,0,0,0
-0.1002488812685749,0.5454068280883718,0,0,0,1,0,0,1,0,0,0,0,0,0,0,0,0
-0.10607536999653124,-0.5693534264242645,0,0,0,1,0,0,0,0,1,0,0,0,0,0,0,0
-0.6374642260519935,2.6844642622456134,0,0,0,1,0,0,0,0,0,0,0,0,1,0,0,0
-0.2024983275566576,0.5828708141193306,0,0,0,1,0,0,1,0,0,0,0,0,0,0,0,0
-0.5859917156756798,-0.7122321845566116,0,0,0,1,0,0,0,0,0,0,0,0,1,0,0,0
-0.09633731538571076,-0.5548886484518736,0,0,0,1,0,0,0,0,1,0,0,0,0,0,0,0
2.0465257744714647,-0.6509553423798606,0,0,0,0,1,0,1,0,0,0,0,0,0,0,0,0
-0.7255703248943324,0.6316252756202085,0,0,0,1,0,0,1,0,0,0,0,0,0,0,0,0
0.0057102954970798,1.2692750614766788,0,0,0,1,0,0,0,0,0,0,0,0,1,0,0,0
-0.7049349491128372,2.3426950201112158,0,0,0,1,0,0,0,0,0,0,0,0,1,0,0,0
-0.6402465239101727,1.5809383579426184,1,0,0,0,0,0,0,0,0,1,0,0,0,0,0,0
-0.5859917156756798,0.1751566627824159,0,0,0,1,0,0,0,0,0,0,0,0,1,0,0,0
0.9690809288916004,1.2391902289376815,0,0,0,1,0,0,1,0,0,0,0,0,0,0,0,0
-0.0863373919776793,-0.5849031463510055,0,0,0,1,0,0,0,0,1,0,0,0,0,0,0,0
0.6535219801431185,-0.6647122100302361,0,0,0,1,0,0,0,0,0,0,0,0,1,0,0,0
-0.5859917156756798,0.3839528911742049,0,0,0,1,0,0,0,0,0,0,0,0,1,0,0,0
-0.4700626382515497,-0.6545991357635856,0,0,0,1,0,0,0,0,0,0,0,0,1,0,0,0
-0.5660519143587294,-0.308322986333467,0,0,0,1,0,0,1,0,0,0,0,0,0,0,0,0
-0.4134892484685743,0.660389963841536,0,0,0,1,0,0,0,0,1,0,0,0,0,0,0,0
-0.0997851649588784,-0.5623882886860022,0,0,0,1,0,0,0,0,1,0,0,0,0,0,0,0
0.6396104908522229,-0.6299337222705281,0,0,0,1,0,0,0,0,0,0,0,0,1,0,0,0
0.1930516846144739,-0.3304650366201037,0,0,0,1,0,0,0,0,0,0,0,0,1,0,0,0
-0.6070908077668714,-0.0147128498727216,0,0,0,1,0,0,1,0,0,0,0,0,0,0,0,0
0.0026961394840524,-0.5737952306037645,0,0,0,1,0,0,0,0,1,0,0,0,0,0,0,0
0.6535219801431185,-0.6607709395371186,0,0,0,1,0,0,0,0,0,0,0,0,1,0,0,0
0.9709357941303864,0.9520039342334125,0,0,0,1,0,0,1,0,0,0,0,0,0,0,0,0
2.629880892069687,-0.6552617896909688,0,0,0,0,1,0,1,0,0,0,0,0,0,0,0,0
0.6396104908522229,-0.6370596329542239,0,0,0,1,0,0,0,0,0,0,0,0,1,0,0,0
2.9996946490526617,1.7584564029997762,0,0,0,1,0,0,1,0,0,0,0,0,0,0,0,0
-0.7515384382373375,4.3915750654721055,1,0,0,0,0,0,1,0,0,0,0,0,0,0,0,0
-0.5730076590041773,-0.7046786756286921,0,0,0,1,0,0,0,0,0,0,0,0,1,0,0,0
-0.4677440567030672,-0.6546437143005187,0,0,0,1,0,0,0,0,0,0,0,0,1,0,0,0
0.6794900934861235,0.952001639328036,0,0,0,1,0,0,1,0,0,0,0,0,0,0,0,0
-0.7063260980419267,2.342695938073366,0,0,0,1,0,0,0,0,0,0,0,0,1,0,0,0
-0.7376269489464419,1.5642351186523504,1,0,0,0,0,0,1,0,0,0,0,0,0,0,0,0
0.6535219801431185,-0.6657337297858253,0,0,0,1,0,0,0,0,0,0,0,0,1,0,0,0
0.6535219801431185,-0.663628440966317,0,0,0,1,0,0,0,0,0,0,0,0,1,0,0,0
-0.6453474033168344,0.9474164183863518,0,0,0,1,0,0,0,0,0,0,0,1,0,0,0,0
-0.7139774171519193,0.951885287625462,0,0,0,1,0,0,0,0,0,0,0,1,0,0,0,0
0.0752677419515578,-0.124579092481166,0,0,0,1,0,0,1,0,0,0,0,0,0,0,0,0
0.6535219801431185,-0.6607508017424423,0,0,0,1,0,0,0,0,0,0,0,0,1,0,0,0
-0.7376269489464419,1.4173875659862003,1,0,0,0,0,0,1,0,0,0,0,0,0,0,0,0
0.0026961394840524,-0.5586486256301855,0,0,0,1,0,0,0,0,1,0,0,0,0,0,0,0
-0.7193101547134293,2.342677349339819,0,0,0,1,0,0,0,0,0,0,0,0,1,0,0,0
1.3630079339787942,-0.6636612581131969,0,1,0,0,0,0,0,1,0,0,0,0,0,0,0,0
-0.4689033474773084,-0.6545164617974075,0,0,0,1,0,0,0,0,0,0,0,0,1,0,0,0
0.0026961394840524,-0.580230030533412,0,0,0,1,0,0,0,0,1,0,0,0,0,0,0,0
-0.567443063287819,-0.3071489701156281,0,0,0,1,0,0,1,0,0,0,0,0,0,0,0,0
-0.7376269489464419,1.461428636080132,1,0,0,0,0,0,1,0,0,0,0,0,0,0,0,0
-0.1016400301976645,-0.5194627147228158,0,0,0,1,0,0,0,0,0,0,0,0,1,0,0,0
-0.078917931022535,-0.5645993152707197,0,0,0,1,0,0,0,0,1,0,0,0,0,0,0,0
0.0312146925303884,-0.3304932065835967,0,0,0,1,0,0,0,0,0,0,0,0,1,0,0,0
-0.7376269489464419,1.5780229101526706,1,0,0,0,0,0,1,0,0,0,0,0,0,0,0,0
-0.5859917156756798,1.7654873046008963,0,0,0,1,0,0,0,0,0,0,0,0,1,0,0,0
3.631739979169019,2.623143472630908,0,0,0,1,0,0,1,0,0,0,0,0,0,0,0,0
0.0026961394840524,-0.5870772249591659,0,0,0,1,0,0,0,0,1,0,0,0,0,0,0,0
-0.7292800553719045,2.1592471690524464,0,0,0,1,0,0,0,0,1,0,0,0,0,0,0,0
1.65004832968094,-0.4291185436782483,0,0,0,0,1,0,1,0,0,0,0,0,0,0,0,0
-0.5827457015078041,-0.704884127032498,0,0,0,1,0,0,0,0,0,0,0,0,1,0,0,0
-0.7376269489464419,-0.7064893559705284,0,1,0,0,0,0,0,0,0,0,0,0,0,1,0,0
-0.5859917156756798,-0.5943450181677463,0,0,0,1,0,0,0,0,0,0,0,0,1,0,0,0
-0.4686714893224602,-0.6545178387406332,0,0,0,1,0,0,0,0,0,0,0,0,1,0,0,0
-0.4691352056321567,-0.6545435990534813,0,0,0,1,0,0,0,0,0,0,0,0,1,0,0,0
0.6535219801431185,-0.6600653708792003,0,0,0,1,0,0,0,0,0,0,0,0,1,0,0,0
-0.06984548586870279,-0.3953384253773594,0,0,0,1,0,0,0,0,1,0,0,0,0,0,0,0
-0.7376269489464419,-0.7065437452279448,0,1,0,0,0,0,0,0,0,0,0,0,0,1,0,0
-0.4686714893224602,-0.6547008000717522,0,0,0,1,0,0,0,0,0,0,0,0,1,0,0,0
-0.7376269489464419,-0.7065470728407403,0,1,0,0,0,0,0,0,0,0,0,0,0,1,0,0
-0.6599830704862273,2.663398623723455,0,0,0,1,0,0,0,0,1,0,0,0,0,0,0,0
-0.6374642260519935,2.67996578872715,0,0,0,1,0,0,0,0,0,0,0,0,1,0,0,0
-0.7311349206106906,2.4534948875993403,0,0,0,1,0,0,0,0,0,0,0,1,0,0,0,0
-0.5880784390693141,-0.7046651356869724,0,0,0,1,0,0,0,0,0,0,0,0,1,0,0,0
-0.09448243245179584,-0.5747997748329327,0,0,0,1,0,0,0,0,1,0,0,0,0,0,0,0
0.6535219801431185,-0.6617677890599135,0,0,0,1,0,0,0,0,0,0,0,0,1,0,0,0
0.0026961394840524,-0.5655202034255619,0,0,0,1,0,0,0,0,1,0,0,0,0,0,0,0
-0.4491954043152064,-0.6535365945743966,0,0,0,1,0,0,0,0,0,0,0,0,1,0,0,0
-0.4909298721878932,0.3037785359317147,0,0,0,1,0,0,0,0,0,0,0,1,0,0,0,0
0.6535219801431185,-0.6624751936421328,0,0,0,1,0,0,0,0,0,0,0,0,1,0,0,0
0.6396104908522229,-0.627282131226211,0,0,0,1,0,0,0,0,0,0,0,0,1,0,0,0
-0.7237154596555463,0.6683139278698118,1,0,0,0,0,0,1,0,0,0,0,0,0,0,0,0
0.6535219801431185,-0.6592930778474684,0,0,0,1,0,0,0,0,0,0,0,0,1,0,0,0
0.6396104908522229,-0.6582538873204823,0,0,0,1,0,0,0,0,0,0,0,0,1,0,0,0
0.6535219801431185,-0.6611431731891412,0,0,0,1,0,0,0,0,0,0,0,0,1,0,0,0
0.6535219801431185,-0.6631416341633866,0,0,0,1,0,0,0,0,0,0,0,0,1,0,0,0
-0.6666783535628743,0.0440871583041113,0,0,0,1,0,0,1,0,0,0,0,0,0,0,0,0
-0.6402465239101727,1.5803813844078105,1,0,0,0,0,0,0,0,0,1,0,0,0,0,0,0
-0.0826276615001072,-0.5909893501540054,0,0,0,1,0,0,0,0,1,0,0,0,0,0,0,0
-0.689632310892852,2.25168526913491,0,0,0,1,0,0,0,0,1,0,0,0,0,0,0,0
-0.5644289072747916,-0.3080865537070821,0,0,0,1,0,0,1,0,0,0,0,0,0,0,0,0
0.6535219801431185,-0.6661438293765555,0,0,0,1,0,0,0,0,0,0,0,0,1,0,0,0
-0.5759948041648546,-0.43945598876327885,0,0,0,1,0,0,0,0,0,0,0,0,1,0,0,0
-0.2196558310154289,0.6117686068524788,0,0,0,1,0,0,1,0,0,0,0,0,0,0,0,0
-0.4691352056321567,-0.654477907387087,0,0,0,1,0,0,0,0,0,0,0,0,1,0,0,0
1.390830912560585,-0.6689255415557042,0,0,0,0,1,0,0,0,0,1,0,0,0,0,0,0
0.0179987777040376,-0.5747840479577425,0,0,0,1,0,0,0,0,1,0,0,0,0,0,0,0
-0.7376269489464419,0.9914480793682412,1,0,0,0,0,0,1,0,0,0,0,0,0,0,0,0
0.6535219801431185,-0.663998322340329,0,0,0,1,0,0,0,0,0,0,0,0,1,0,0,0
-0.5975846234180928,-0.7060312354848007,0,0,0,1,0,0,0,0,0,0,0,0,1,0,0,0
-0.5859917156756798,-0.5868469312046625,0,0,0,1,0,0,0,0,0,0,0,0,1,0,0,0
0.6535219801431185,-0.660652981400781,0,0,0,1,0,0,0,0,0,0,0,0,1,0,0,0
-0.7376269489464419,-0.7064399581323052,0,1,0,0,0,0,0,0,0,0,0,0,0,1,0,0
-0.61286249061652,-0.4150802858303227,0,0,0,1,0,0,0,0,0,0,0,0,1,0,0,0
-0.719078296558581,2.342686299470785,0,0,0,1,0,0,0,0,0,0,0,0,1,0,0,0
-0.4679759148579154,-0.6546613850719156,0,0,0,1,0,0,0,0,0,0,0,0,1,0,0,0
0.2013985781890113,0.7605218489430406,0,0,0,1,0,0,0,0,0,0,0,0,1,0,0,0
-0.2196558310154289,0.592924450336737,0,0,0,1,0,0,1,0,0,0,0,0,0,0,0,0
3.279315583799664,1.2413442271238004,0,0,0,1,0,0,1,0,0,0,0,0,0,0,0,0
-0.6402465239101727,1.577886133792248,1,0,0,0,0,0,0,0,0,1,0,0,0,0,0,0
1.5508130394058848,0.1943728234596429,0,0,0,1,0,0,1,0,0,0,0,0,0,0,0,0
0.6794900934861235,0.9508167796822946,0,0,0,1,0,0,1,0,0,0,0,0,0,0,0,0
-0.7376269489464419,2.195815797750874,1,0,0,0,0,0,1,0,0,0,0,0,0,0,0,0
0.1007721389848664,2.669435844898909,0,0,0,1,0,0,1,0,0,0,0,0,0,0,0,0
0.9737180919885656,1.2067914433078435,0,0,0,1,0,0,1,0,0,0,0,0,0,0,0,0
0.6535219801431185,-0.6647189226284616,0,0,0,1,0,0,0,0,0,0,0,0,1,0,0,0
0.0026961394840524,-0.5982963288718848,0,0,0,1,0,0,0,0,1,0,0,0,0,0,0,0
-0.6230890204514014,0.1614018605468789,0,0,0,1,0,0,1,0,0,0,0,0,0,0,0,0
-0.5920200277017346,-0.7120778521700609,0,0,0,1,0,0,0,0,1,0,0,0,0,0,0,0
-0.7174552894746432,2.342674824943905,0,0,0,1,0,0,0,0,0,0,0,0,1,0,0,0
2.564960608712174,-0.5916534957698831,0,0,0,0,1,0,1,0,0,0,0,0,0,0,0,0
0.6396104908522229,-0.6605600951056786,0,0,0,1,0,0,0,0,0,0,0,0,1,0,0,0
0.0026961394840524,-0.5752779115947048,0,0,0,1,0,0,0,0,1,0,0,0,0,0,0,0
1.390830912560585,-0.6731753620766543,0,0,0,0,1,0,0,0,0,1,0,0,0,0,0,0
-0.7376269489464419,1.8901424338074024,1,0,0,0,0,0,1,0,0,0,0,0,0,0,0,0
1.3630079339787942,-0.6753891425478232,0,1,0,0,0,0,0,1,0,0,0,0,0,0,0,0
-0.09164010678963304,-0.5991250783611849,0,0,0,1,0,0,0,0,1,0,0,0,0,0,0,0
-0.5625740420360055,-0.3081003805119738,0,0,0,1,0,0,1,0,0,0,0,0,0,0,0,0
-0.4689033474773084,-0.6546099218188539,0,0,0,1,0,0,0,0,0,0,0,0,1,0,0,0
0.0026961394840524,-0.5918776506525052,0,0,0,1,0,0,0,0,1,0,0,0,0,0,0,0
-0.568370495907212,-0.5085180241204583,0,0,0,1,0,0,0,0,1,0,0,0,0,0,0,0
0.5218265481893067,-0.674400153075942,0,0,0,0,1,0,1,0,0,0,0,0,0,0,0,0
-0.6474341267104687,0.1618129354723941,0,0,0,1,0,0,1,0,0,0,0,0,0,0,0,0
-0.6281898998580631,0.8151745614966062,0,0,0,1,0,0,0,0,0,0,0,1,0,0,0,0
-0.7376269489464419,-0.7122594939305887,0,0,0,1,0,0,0,0,0,0,0,0,1,0,0,0
-0.5892377298435554,-0.1908331828104939,0,0,0,1,0,0,1,0,0,0,0,0,0,0,0,0
-0.0919019876940376,0.6374677604722541,0,0,0,1,0,0,1,0,0,0,0,0,0,0,0,0
-0.583441275972349,-0.7062081726893072,0,0,0,1,0,0,0,0,0,0,0,0,1,0,0,0
-0.5811226944238663,-0.7065477613123532,0,0,0,1,0,0,0,0,0,0,0,0,1,0,0,0
0.0026961394840524,-0.588892093503314,0,0,0,1,0,0,0,0,1,0,0,0,0,0,0,0
0.6535219801431185,-0.6643061265239143,0,0,0,1,0,0,0,0,0,0,0,0,1,0,0,0
-0.5859917156756798,-0.7122355695420416,0,0,0,1,0,0,0,0,0,0,0,0,1,0,0,0
-0.09262757093830004,-0.5547816889049433,0,0,0,1,0,0,0,0,1,0,0,0,0,0,0,0
-0.5859917156756798,-0.310735562982851,0,0,0,1,0,0,0,0,0,0,0,0,1,0,0,0
-0.08793036606751252,-0.5918397958123366,0,0,0,1,0,0,0,0,1,0,0,0,0,0,0,0
-0.3297884545683524,-0.7115133054475112,0,0,0,0,1,0,1,0,0,0,0,0,0,0,0,0
1.390830912560585,-0.6769143940334925,0,0,0,0,1,0,0,0,0,1,0,0,0,0,0,0
0.0026961394840524,-0.5774701199553374,0,0,0,1,0,0,0,0,1,0,0,0,0,0,0,0
-0.4691352056321567,-0.6545745229034258,0,0,0,1,0,0,0,0,0,0,0,0,1,0,0,0
-0.7123544100679815,-0.7122813529042972,0,0,0,1,0,0,0,0,0,0,0,0,1,0,0,0
-0.09448243897105386,-0.5646277332359417,0,0,0,1,0,0,0,0,1,0,0,0,0,0,0,0
-0.7376269489464419,-0.7064664069167662,0,1,0,0,0,0,0,0,0,0,0,0,0,1,0,0
0.6396104908522229,-0.6272423719905681,0,0,0,1,0,0,0,0,0,0,0,0,1,0,0,0
-0.5859917156756798,1.421498200496083,0,0,0,1,0,0,0,0,0,0,0,0,1,0,0,0
-0.7255703248943324,1.101603766917261,0,0,0,1,0,0,1,0,0,0,0,0,0,0,0,0
-0.4691352056321567,-0.6537337843188482,0,0,0,1,0,0,0,0,0,0,0,0,1,0,0,0
-0.7176871476294915,2.342664727360249,0,0,0,1,0,0,0,0,0,0,0,0,1,0,0,0
-0.5855279993659833,-0.3617159105807574,0,0,0,1,0,0,0,0,0,0,0,0,1,0,0,0
-0.6669102117177226,-0.7117331573825529,0,0,0,1,0,0,0,0,1,0,0,0,0,0,0,0
-0.5859917156756798,0.1951823513311039,0,0,0,1,0,0,0,0,0,0,0,0,1,0,0,0
-0.5859917156756798,-0.7121914499861839,0,0,0,1,0,0,0,0,0,0,0,0,1,0,0,0
1.390830912560585,-0.6689529083023157,0,0,0,0,1,0,0,0,0,1,0,0,0,0,0,0
1.390830912560585,-0.6783602991657788,0,0,0,0,1,0,0,0,0,1,0,0,0,0,0,0
-0.6015262120505133,-0.0732152661948934,0,0,0,1,0,0,1,0,0,0,0,0,0,0,0,0
-0.5757899568623563,-0.5339475263585278,0,0,0,1,0,0,0,0,0,0,0,0,1,0,0,0
0.1872552307432674,0.0369470765797175,0,0,0,1,0,0,0,0,1,0,0,0,0,0,0,0
-0.0900471224552515,-0.7110993618902758,0,0,0,0,1,0,1,0,0,0,0,0,0,0,0,0
-0.7376269489464419,1.5055016053587933,1,0,0,0,0,0,1,0,0,0,0,0,0,0,0,0
-0.0863373919776793,-0.5883145231927541,0,0,0,1,0,0,0,0,1,0,0,0,0,0,0,0
-0.7123544100679815,-0.7122746976787061,0,0,0,1,0,0,0,0,0,0,0,0,1,0,0,0
-0.2296257316739041,-0.7107644778232511,0,0,0,0,1,0,1,0,0,0,0,0,0,0,0,0
-0.5873828646047693,-0.3080828818584801,0,0,0,1,0,0,1,0,0,0,0,0,0,0,0,0
-0.6669102117177226,-0.7119912768647431,0,0,0,1,0,0,0,0,1,0,0,0,0,0,0,0
0.0685438554609583,2.6511185986575474,0,0,0,1,0,0,1,0,0,0,0,0,0,0,0,0
1.404742401851481,-0.678006711619938,0,0,0,0,1,0,0,0,0,1,0,0,0,0,0,0
0.1580411032323867,0.0514085375532265,0,0,0,1,0,0,0,0,0,0,0,0,1,0,0,0
1.404742401851481,-0.6779800907175738,0,0,0,0,1,0,0,0,0,1,0,0,0,0,0,0
0.0026961394840524,-0.5880788364106165,0,0,0,1,0,0,0,0,1,0,0,0,0,0,0,0
1.3630079339787942,-0.6748661909852175,0,1,0,0,0,0,0,1,0,0,0,0,0,0,0,0
0.9737180919885656,1.944980574715366,0,0,0,1,0,0,1,0,0,0,0,0,0,0,0,0
-0.1002488812685749,0.5390001407495831,0,0,0,1,0,0,1,0,0,0,0,0,0,0,0,0
-0.5859917156756798,2.281644111368753,0,0,0,1,0,0,0,0,0,0,0,0,1,0,0,0
-0.0935249947779754,0.543606245330191,0,0,0,1,0,0,1,0,0,0,0,0,0,0,0,0
-0.2583761428750883,-0.711108713629684,0,0,0,0,1,0,1,0,0,0,0,0,0,0,0,0
-0.7459738425209792,-0.7122972451240275,0,0,0,0,1,0,1,0,0,0,0,0,0,0,0,0
-0.7253384667394841,1.8065984690010104,0,0,0,1,0,0,1,0,0,0,0,0,0,0,0,0
0.6535219801431185,-0.6619560860460323,0,0,0,1,0,0,0,0,0,0,0,0,1,0,0,0
-0.6453474033168344,-0.5964313166452665,0,0,0,1,0,0,0,0,0,0,0,1,0,0,0,0
-0.5859917156756798,0.7857083207017685,0,0,0,1,0,0,0,0,0,0,0,0,1,0,0,0
-0.5778766802559907,-0.7052851617469922,0,0,0,1,0,0,0,0,0,0,0,0,1,0,0,0
-0.6402465239101727,1.5813771438505513,1,0,0,0,0,0,0,0,0,1,0,0,0,0,0,0
1.3212734661061074,-0.6623237872599368,0,1,0,0,0,0,0,1,0,0,0,0,0,0,0,0
-0.4951033189751618,-0.5459709946056112,0,0,0,1,0,0,0,0,0,0,0,0,1,0,0,0
-0.5859917156756798,1.7801673553114905,0,0,0,1,0,0,0,0,0,0,0,0,1,0,0,0
-0.5915302411754885,-0.41442851836427286,0,0,0,1,0,0,0,0,0,0,0,0,1,0,0,0
-0.6221615878320084,-0.1247955594307779,0,0,0,1,0,0,0,0,1,0,0,0,0,0,0,0
-0.7515384382373375,2.9154882556398403,1,0,0,0,0,0,1,0,0,0,0,0,0,0,0,0
-0.5910925950823415,-0.6981866751825423,0,0,0,1,0,0,0,0,0,0,0,0,1,0,0,0
-0.7283526227525114,2.673394786163424,0,0,0,1,0,0,0,0,0,0,0,0,1,0,0,0
-0.0960754344813063,0.5293438673980689,0,0,0,1,0,0,1,0,0,0,0,0,0,0,0,0
-0.4684396311676119,-0.6546349362874548,0,0,0,1,0,0,0,0,0,0,0,0,1,0,0,0
-0.6140465524123192,-0.3082315343542247,0,0,0,1,0,0,0,0,0,0,0,0,1,0,0,0
0.6535219801431185,-0.6611818423447305,0,0,0,1,0,0,0,0,0,0,0,0,1,0,0,0
-0.5859917156756798,0.3862666147745082,0,0,0,1,0,0,0,0,0,0,0,0,1,0,0,0
56.67485749642486,-0.6140815486390309,0,0,0,1,0,0,0,0,1,0,0,0,0,0,0,0
0.0179987777040376,-0.589913326395731,0,0,0,1,0,0,0,0,1,0,0,0,0,0,0,0
0.6396104908522229,-0.6582418964398915,0,0,0,1,0,0,0,0,0,0,0,0,1,0,0,0
0.3919859814742811,2.114044647347611,0,0,0,1,0,0,1,0,0,0,0,0,0,0,0,0
0.1575773869226902,2.681425348546425,0,0,0,1,0,0,1,0,0,0,0,0,0,0,0,0
-0.6819809917828594,-0.314955664479179,1,0,0,0,0,0,0,0,0,1,0,0,0,0,0,0
0.6535219801431185,-0.6620425466060813,0,0,0,1,0,0,0,0,0,0,0,0,1,0,0,0
2.70013391298871,0.6084196514369634,0,0,0,1,0,0,1,0,0,0,0,0,0,0,0,0
0.0026961394840524,-0.563105102380264,0,0,0,1,0,0,0,0,1,0,0,0,0,0,0,0
1.8376215769531823,0.0912033442295413,0,0,0,1,0,0,1,0,0,0,0,0,0,0,0,0
1.842490598204996,2.113591633026345,0,0,0,1,0,0,1,0,0,0,0,0,0,0,0,0
-0.6059315169926301,-0.0733759095712287,0,0,0,1,0,0,1,0,0,0,0,0,0,0,0,0
-0.7376269489464419,-0.7064684723316048,0,1,0,0,0,0,0,0,0,0,0,0,0,1,0,0
0.0179987777040376,-0.563111757605855,0,0,0,1,0,0,0,0,1,0,0,0,0,0,0,0
-0.6819809917828594,-0.3123290305308282,1,0,0,0,0,0,0,0,0,1,0,0,0,0,0,0
-0.5859917156756798,-0.712241134687579,0,0,0,1,0,0,0,0,0,0,0,0,1,0,0,0
0.0339969903885675,0.435913105995122,0,0,0,1,0,0,0,0,0,0,0,0,1,0,0,0
1.0717940914893795,0.0318204874597832,0,0,0,0,1,0,1,0,0,0,0,0,0,0,0,0
0.0026961394840524,-0.5642126810874614,0,0,0,1,0,0,0,0,1,0,0,0,0,0,0,0
2.9996946490526617,1.758278547833119,0,0,0,1,0,0,1,0,0,0,0,0,0,0,0,0
-0.0100560590326018,-0.4234213263365173,0,0,0,1,0,0,0,0,0,0,0,0,1,0,0,0
-0.7376269489464419,-0.7064281967422521,0,1,0,0,0,0,0,0,0,0,0,0,0,1,0,0
-0.6669102117177226,-0.7117413042966385,0,0,0,1,0,0,0,0,1,0,0,0,0,0,0,0
-0.0844825267388933,-0.5834527087806011,0,0,0,1,0,0,0,0,1,0,0,0,0,0,0,0
-0.5859917156756798,0.7838603481475687,0,0,0,1,0,0,0,0,0,0,0,0,1,0,0,0
-0.7258021830491806,1.8676858667389544,0,0,0,1,0,0,1,0,0,0,0,0,0,0,0,0
-0.5706890774556946,-0.70450036148096,0,0,0,1,0,0,0,0,1,0,0,0,0,0,0,0
-0.6015262120505133,1.04275000058199,0,0,0,1,0,0,1,0,0,0,0,0,0,0,0,0
-0.7376269489464419,1.701951472317065,1,0,0,0,0,0,1,0,0,0,0,0,0,0,0,0
-0.0919019876940376,0.6145900782672705,0,0,0,1,0,0,1,0,0,0,0,0,0,0,0,0
-0.5859917156756798,-0.7117724576371207,0,0,0,1,0,0,0,0,0,0,0,0,1,0,0,0
-0.7376269489464419,2.1538027355379064,1,0,0,0,0,0,1,0,0,0,0,0,0,0,0,0
-0.5859917156756798,2.279385465497479,0,0,0,1,0,0,0,0,0,0,0,0,1,0,0,0
-0.5859917156756798,-0.7122049325552691,0,0,0,1,0,0,0,0,0,0,0,0,1,0,0,0
-0.7376269489464419,1.3292565443138236,1,0,0,0,0,0,1,0,0,0,0,0,0,0,0,0
-0.7485242822243101,-0.7122972451240275,0,0,0,0,1,0,1,0,0,0,0,0,0,0,0,0
-0.4695989219418532,-0.654465457525421,0,0,0,1,0,0,0,0,0,0,0,0,1,0,0,0
-0.7253384667394841,2.2767885505737504,0,0,0,1,0,0,1,0,0,0,0,0,0,0,0,0
-0.469367063787005,-0.6545988489004138,0,0,0,1,0,0,0,0,0,0,0,0,1,0,0,0
-0.5859917156756798,2.403404217443159,0,0,0,1,0,0,0,0,0,0,0,0,1,0,0,0
-0.7237154596555463,1.0058970331074495,1,0,0,0,0,0,1,0,0,0,0,0,0,0,0,0
-0.5669793469781225,0.1367631827014544,0,0,0,1,0,0,0,0,1,0,0,0,0,0,0,0
-0.5859917156756798,0.8734461103379303,0,0,0,1,0,0,0,0,0,0,0,0,1,0,0,0
0.0759633164161026,-0.4195185528810859,0,0,0,1,0,0,0,0,0,0,0,0,1,0,0,0
-0.6374642260519935,-0.6688884214612439,0,0,0,0,1,0,0,0,0,1,0,0,0,0,0,0
0.6794900934861235,0.952081731525666,0,0,0,1,0,0,1,0,0,0,0,0,0,0,0,0
0.6535219801431185,-0.660576847914925,0,0,0,1,0,0,0,0,0,0,0,0,1,0,0,0
1.940798455860658,-0.3137313898336009,0,0,0,0,1,0,1,0,0,0,0,0,0,0,0,0
-0.7376269489464419,-0.7064685297042392,0,1,0,0,0,0,0,0,0,0,0,0,0,1,0,0
0.6396104908522229,-0.6298684322125747,0,0,0,1,0,0,0,0,0,0,0,0,1,0,0,0
-0.7376269489464419,-0.706429745803381,0,1,0,0,0,0,0,0,0,0,0,0,0,1,0,0
0.4928442788332742,-0.541163225215068,0,0,0,0,1,0,1,0,0,0,0,0,0,0,0,0
-0.5859917156756798,2.40035566514139,0,0,0,1,0,0,0,0,0,0,0,0,1,0,0,0
-0.7376269489464419,1.476127505014811,1,0,0,0,0,0,1,0,0,0,0,0,0,0,0,0
-0.6854588641055833,0.9841164304175674,0,0,0,1,0,0,1,0,0,0,0,0,0,0,0,0
-0.4682077730127637,-0.6545236333767082,0,0,0,1,0,0,0,0,0,0,0,0,1,0,0,0
-0.4679759148579154,-0.6546302317314335,0,0,0,1,0,0,0,0,0,0,0,0,1,0,0,0
-0.6669102117177226,-0.7119800318283996,0,0,0,1,0,0,0,0,1,0,0,0,0,0,0,0
1.335184955397003,-0.6637409487023861,0,1,0,0,0,0,0,1,0,0,0,0,0,0,0,0
0.6396104908522229,-0.6295007309986701,0,0,0,1,0,0,0,0,0,0,0,0,1,0,0,0
-0.7376269489464419,-0.7122728617544052,0,0,0,1,0,0,0,0,0,0,0,0,1,0,0,0
0.6535219801431185,-0.6619159825745828,0,0,0,1,0,0,0,0,0,0,0,0,1,0,0,0
-0.4689033474773084,-0.6546904729975592,0,0,0,1,0,0,0,0,0,0,0,0,1,0,0,0
-0.4689033474773084,-0.6544681540392381,0,0,0,1,0,0,0,0,0,0,0,0,1,0,0,0
-0.0863373919776793,-0.5514457656519332,0,0,0,1,0,0,0,0,1,0,0,0,0,0,0,0
-0.4679759148579154,-0.6545333867245571,0,0,0,1,0,0,0,0,0,0,0,0,1,0,0,0
-0.5859917156756798,2.4028463259462005,0,0,0,1,0,0,0,0,0,0,0,0,1,0,0,0
3.851773368120018,0.0443187142565718,0,0,0,1,0,0,1,0,0,0,0,0,0,0,0,0
1.2595991969164702,0.7799769092699318,0,0,0,1,0,0,1,0,0,0,0,0,0,0,0,0
-0.586223573830528,-0.2787836528023968,0,0,0,1,0,0,0,0,0,0,0,0,1,0,0,0
0.0026961394840524,-0.5616601725827625,0,0,0,1,0,0,0,0,1,0,0,0,0,0,0,0
-0.5959886458129564,4.643012164291901,0,0,0,1,0,0,0,0,0,0,0,0,1,0,0,0
0.0026961394840524,-0.5979008593029279,0,0,0,1,0,0,0,0,1,0,0,0,0,0,0,0
-0.7376269489464419,-0.7064094358908016,0,1,0,0,0,0,0,0,0,0,0,0,0,1,0,0
-0.5859917156756798,0.8761710809816522,0,0,0,1,0,0,0,0,0,0,0,0,1,0,0,0
-0.0997851649588784,-0.5847325005011776,0,0,0,1,0,0,0,0,1,0,0,0,0,0,0,0
-0.6003669212762719,0.4556005254913556,0,0,0,1,0,0,1,0,0,0,0,0,0,0,0,0
-0.1341001718764209,0.5902492791396792,0,0,0,1,0,0,1,0,0,0,0,0,0,0,0,0
1.3769194232696895,-0.6757662528737703,0,1,0,0,0,0,0,1,0,0,0,0,0,0,0,0
0.2037171597374939,0.8446075261634886,0,0,0,1,0,0,1,0,0,0,0,0,0,0,0,0
-0.5669793469781225,-0.4248222513234299,0,0,0,1,0,0,0,0,1,0,0,0,0,0,0,0
-0.6061633751474784,0.0452321439689411,0,0,0,1,0,0,1,0,0,0,0,0,0,0,0,0
-0.573703233468722,-0.7061180976532907,0,0,0,1,0,0,0,0,0,0,0,0,1,0,0,0
-0.5859917156756798,2.666648223338417,0,0,0,1,0,0,0,0,0,0,0,0,1,0,0,0
-0.4682077730127637,-0.6545210516081599,0,0,0,1,0,0,0,0,0,0,0,0,1,0,0,0
-0.6402465239101727,1.5800662938996557,1,0,0,0,0,0,0,0,0,1,0,0,0,0,0,0
-0.08978523689423407,-0.5855474797042298,0,0,0,1,0,0,0,0,1,0,0,0,0,0,0,0
0.0759633164161026,-0.5194809018479223,0,0,0,1,0,0,0,0,0,0,0,0,1,0,0,0
2.9996946490526617,1.7584033906855856,0,0,0,1,0,0,1,0,0,0,0,0,0,0,0,0
-0.6402465239101727,1.579501517686568,1,0,0,0,0,0,0,0,0,1,0,0,0,0,0,0
0.6818086750346062,1.7624763887472985,0,0,0,1,0,0,1,0,0,0,0,0,0,0,0,0
-0.0807727962613211,-0.5533717202081089,0,0,0,1,0,0,0,0,1,0,0,0,0,0,0,0
-0.1102187819270501,0.5637828239073653,0,0,0,1,0,0,1,0,0,0,0,0,0,0,0,0
-0.7376269489464419,-0.7064382369532731,0,1,0,0,0,0,0,0,0,0,0,0,0,1,0,0
-0.584368708591742,-0.0723379812421996,0,0,0,1,0,0,1,0,0,0,0,0,0,0,0,0
-0.469367063787005,-0.6546125035874022,0,0,0,1,0,0,0,0,0,0,0,0,1,0,0,0
-0.5859917156756798,1.763781271944216,0,0,0,1,0,0,0,0,0,0,0,0,1,0,0,0
-0.6683013606468121,0.2791721015068258,0,0,0,1,0,0,1,0,0,0,0,0,0,0,0,0
0.1160747772048516,2.653394456319143,0,0,0,1,0,0,1,0,0,0,0,0,0,0,0,0
-0.5876147227596176,-0.706099049938668,0,0,0,1,0,0,0,0,1,0,0,0,0,0,0,0
-0.5859917156756798,1.761986196958938,0,0,0,1,0,0,0,0,0,0,0,0,1,0,0,0
1.3490964446878986,-0.6650617814916686,0,1,0,0,0,0,0,1,0,0,0,0,0,0,0,0
-0.5368377868478487,-0.2925677150814805,0,0,0,1,0,0,0,0,0,0,0,0,1,0,0,0
1.260294771381015,0.2969822884053126,0,0,0,1,0,0,1,0,0,0,0,0,0,0,0,0
0.0179987777040376,-0.5653152110028311,0,0,0,1,0,0,0,0,1,0,0,0,0,0,0,0
-0.6629686230853021,0.2662314743261368,0,0,0,1,0,0,1,0,0,0,0,0,0,0,0,0
0.6396104908522229,-0.6299142729474647,0,0,0,1,0,0,0,0,0,0,0,0,1,0,0,0
-0.4276325959143182,-0.7005952357475179,0,0,0,1,0,0,0,0,0,0,0,0,1,0,0,0
1.3769194232696895,-0.6742646389134762,0,1,0,0,0,0,0,1,0,0,0,0,0,0,0,0
-0.09448244828427961,-0.5459393929752991,0,0,0,1,0,0,0,0,1,0,0,0,0,0,0,0
-0.4682077730127637,-0.6545517459675668,0,0,0,1,0,0,0,0,0,0,0,0,1,0,0,0
0.9690809288916004,1.2444306453642762,0,0,0,1,0,0,1,0,0,0,0,0,0,0,0,0
0.0676164228415652,2.69514704677191,0,0,0,1,0,0,1,0,0,0,0,0,0,0,0,0
0.0179987777040376,-0.5799851067571351,0,0,0,1,0,0,0,0,1,0,0,0,0,0,0,0
-0.4686714893224602,-0.6546463534417014,0,0,0,1,0,0,0,0,0,0,0,0,1,0,0,0
-0.584368708591742,-0.7039591654206132,0,0,0,1,0,0,0,0,1,0,0,0,0,0,0,0
-0.5743988079332668,-0.7043463159575812,0,0,0,1,0,0,0,0,1,0,0,0,0,0,0,0
-0.7237154596555463,1.0501850350198625,1,0,0,0,0,0,1,0,0,0,0,0,0,0,0,0
-0.706557956196775,2.342667940227776,0,0,0,1,0,0,0,0,0,0,0,0,1,0,0,0
-0.7376269489464419,2.195803175771305,1,0,0,0,0,0,1,0,0,0,0,0,0,0,0,0
-0.5859917156756798,-0.5919049600264822,0,0,0,1,0,0,0,0,0,0,0,0,1,0,0,0
-0.1382736186636896,0.5617817811645717,0,0,0,1,0,0,1,0,0,0,0,0,0,0,0,0
-0.6669102117177226,-0.7119847937570554,0,0,0,1,0,0,0,0,1,0,0,0,0,0,0,0
-0.4695989219418532,-0.654670908929227,0,0,0,1,0,0,0,0,0,0,0,0,1,0,0,0
1.9108887538852328,0.3265403254151992,0,0,0,1,0,0,0,0,1,0,0,0,0,0,0,0
0.0026961394840524,-0.5434043724328484,0,0,0,1,0,0,0,0,1,0,0,0,0,0,0,0
-0.5859917156756798,-0.7122244966236013,0,0,0,1,0,0,0,0,0,0,0,0,1,0,0,0
-0.09633730420983987,-0.5773472406956967,0,0,0,1,0,0,0,0,1,0,0,0,0,0,0,0
2.2540388230606574,0.0340136711552007,0,0,0,0,1,0,1,0,0,0,0,0,0,0,0,0
-0.09262756348771944,-0.5666081972674779,0,0,0,1,0,0,0,0,1,0,0,0,0,0,0,0
-0.7047030909579889,2.512122376264516,0,0,0,1,0,0,1,0,0,0,0,0,0,0,0,0
1.8348392790950037,0.0943643468947444,0,0,0,1,0,0,1,0,0,0,0,0,0,0,0,0
-0.1016400301976645,-0.5884812885998325,0,0,0,1,0,0,0,0,1,0,0,0,0,0,0,0
-0.6402465239101727,1.57750862185786,1,0,0,0,0,0,0,0,0,1,0,0,0,0,0,0
-0.6861544385701281,2.636938148847356,0,0,0,1,0,0,1,0,0,0,0,0,0,0,0,0
-0.7376269489464419,-0.706546613859665,0,1,0,0,0,0,0,0,0,0,0,0,0,1,0,0
2.993434478871759,1.7582030454462418,0,0,0,1,0,0,1,0,0,0,0,0,0,0,0,0
-0.09262757838888064,-0.548174088188402,0,0,0,1,0,0,0,0,1,0,0,0,0,0,0,0
1.390830912560585,-0.6732009502715991,0,0,0,0,1,0,0,0,0,1,0,0,0,0,0,0
0.4930761369881224,-0.4263507156766257,0,0,0,0,1,0,1,0,0,0,0,0,0,0,0,0
-0.1132329379400775,0.6050762037943509,0,0,0,1,0,0,1,0,0,0,0,0,0,0,0,0
-0.7237154596555463,1.4320609614712032,1,0,0,0,0,0,1,0,0,0,0,0,0,0,0,0
-0.6527668642719787,2.6735416601075017,0,0,0,1,0,0,0,0,0,0,0,0,1,0,0,0
-0.6374642260519935,2.680178755946063,0,0,0,1,0,0,0,0,0,0,0,0,1,0,0,0
-0.0768312076289007,0.6124492757870653,0,0,0,1,0,0,1,0,0,0,0,0,0,0,0,0
0.0026961394840524,-0.5849810583885281,0,0,0,1,0,0,0,0,1,0,0,0,0,0,0,0
-0.7376269489464419,2.0929882020491943,1,0,0,0,0,0,1,0,0,0,0,0,0,0,0,0
-0.5294183258927043,0.0439324243091198,0,0,0,1,0,0,1,0,0,0,0,0,0,0,0,0
1.3490964446878986,-0.6635171380555703,0,1,0,0,0,0,0,1,0,0,0,0,0,0,0,0
1.5535953372640638,0.6198380678816068,0,0,0,1,0,0,1,0,0,0,0,0,0,0,0,0
1.2579761898325323,0.1944876834737226,0,0,0,1,0,0,1,0,0,0,0,0,0,0,0,0
-0.7376269489464419,-0.7064663495441318,0,1,0,0,0,0,0,0,0,0,0,0,0,1,0,0
0.0734128767127717,2.6444950427607057,0,0,0,1,0,0,1,0,0,0,0,0,0,0,0,0
1.842490598204996,2.11242352618985,0,0,0,1,0,0,1,0,0,0,0,0,0,0,0,0
-0.7264977575137254,2.68784878869446,0,0,0,1,0,0,1,0,0,0,0,0,0,0,0,0
-0.5954979000244585,0.637288069381296,0,0,0,1,0,0,0,0,0,0,0,0,1,0,0,0
0.0295916854464506,2.652332603601567,0,0,0,1,0,0,1,0,0,0,0,0,0,0,0,0
-0.5994394886568789,-0.7060612987452293,0,0,0,1,0,0,0,0,1,0,0,0,0,0,0,0
-0.7376269489464419,-0.7065346803517086,0,1,0,0,0,0,0,0,0,0,0,0,0,1,0,0
-0.7237154596555463,0.8711897593720326,1,0,0,0,0,0,1,0,0,0,0,0,0,0,0,0
-0.7376269489464419,1.4908178827995977,1,0,0,0,0,0,1,0,0,0,0,0,0,0,0,0
1.3630079339787942,-0.6552934020125262,0,1,0,0,0,0,0,1,0,0,0,0,0,0,0,0
1.842490598204996,2.1139161326465428,0,0,0,1,0,0,1,0,0,0,0,0,0,0,0,0
-0.0981621578749406,0.5444832434197129,0,0,0,1,0,0,1,0,0,0,0,0,0,0,0,0
-0.7348446510882627,-0.7122687882973624,0,0,0,0,1,0,1,0,0,0,0,0,0,0,0,0
-0.5859917156756798,2.2810653362328708,0,0,0,1,0,0,0,0,0,0,0,0,1,0,0,0
-0.4691352056321567,-0.6546740070514848,0,0,0,1,0,0,0,0,0,0,0,0,1,0,0,0
-0.7376269489464419,-0.7065459827606866,0,1,0,0,0,0,0,0,0,0,0,0,0,1,0,0
1.404742401851481,-0.6744897691308833,0,0,0,0,1,0,0,0,0,1,0,0,0,0,0,0
0.0339969903885675,0.4362682426020919,0,0,0,1,0,0,0,0,0,0,0,0,1,0,0,0
0.0026961394840524,-0.5738397517680631,0,0,0,1,0,0,0,0,1,0,0,0,0,0,0,0
0.6535219801431185,-0.6600603220873725,0,0,0,1,0,0,0,0,0,0,0,0,1,0,0,0
-0.383811404647997,-0.0157231245919673,0,0,0,1,0,0,0,0,0,0,0,0,1,0,0,0
-0.2674186109141704,1.1586754244826294,0,0,0,1,0,0,0,0,0,0,0,0,1,0,0,0
-0.5676749214426673,-0.6980634387638395,0,0,0,1,0,0,0,0,1,0,0,0,0,0,0,0
-0.6434925380780483,0.161773864708364,0,0,0,1,0,0,1,0,0,0,0,0,0,0,0,0
-0.1016400301976645,-0.5802419304364237,0,0,0,1,0,0,0,0,1,0,0,0,0,0,0,0
0.8821341208235028,-0.6732985411227227,0,0,0,0,1,0,1,0,0,0,0,0,0,0,0,0
0.0710942951642892,0.0357234330331178,0,0,0,1,0,0,0,0,0,0,0,0,1,0,0,0
-0.5686023540620603,-0.1901752908117665,0,0,0,1,0,0,1,0,0,0,0,0,0,0,0,0
1.390830912560585,-0.6753360154883639,0,0,0,0,1,0,0,0,0,1,0,0,0,0,0,0
-0.7376269489464419,-0.7064679559778951,0,1,0,0,0,0,0,0,0,0,0,0,0,1,0,0
-0.4675121985482189,-0.6545162323068698,0,0,0,1,0,0,0,0,0,0,0,0,1,0,0,0
-0.7255703248943324,3.5670545771882374,0,0,0,1,0,0,1,0,0,0,0,0,0,0,0,0
-0.5785722547205354,-0.7061888381115127,0,0,0,1,0,0,0,0,0,0,0,0,1,0,0,0
1.3490964446878986,-0.646025943004378,0,1,0,0,0,0,0,1,0,0,0,0,0,0,0,0
-0.550517417983896,-0.7063399002579022,0,0,0,1,0,0,0,0,0,0,0,0,1,0,0,0
1.335184955397003,-0.6600944014322094,0,1,0,0,0,0,0,1,0,0,0,0,0,0,0,0
-0.5859917156756798,-0.7122400446075252,0,0,0,1,0,0,0,0,0,0,0,0,1,0,0,0
0.026345671278575,2.634786675057152,0,0,0,1,0,0,1,0,0,0,0,0,0,0,0,0
-0.5938748929405206,0.2747908976530874,0,0,0,1,0,0,0,0,0,0,0,1,0,0,0,0
-0.0826276615001072,-0.5572705923244008,0,0,0,1,0,0,0,0,1,0,0,0,0,0,0,0
-0.5811226944238663,-0.6449927766040043,0,0,0,1,0,0,0,0,1,0,0,0,0,0,0,0
-0.5859917156756798,-0.7122294880427946,0,0,0,1,0,0,0,0,0,0,0,0,1,0,0,0
-0.09633730886645274,-0.5797807454333829,0,0,0,1,0,0,0,0,1,0,0,0,0,0,0,0
-0.7376269489464419,4.455843890533102,1,0,0,0,0,0,1,0,0,0,0,0,0,0,0,0
0.6818086750346062,1.7583556566537606,0,0,0,1,0,0,1,0,0,0,0,0,0,0,0,0
0.6396104908522229,-0.6582403473787626,0,0,0,1,0,0,0,0,0,0,0,0,1,0,0,0
-0.5859917156756798,-0.7121885239818291,0,0,0,1,0,0,0,0,0,0,0,0,1,0,0,0
-0.5859917156756798,-0.2660487638886858,0,0,0,1,0,0,0,0,0,0,0,0,1,0,0,0
-0.4682077730127637,-0.6546503695261098,0,0,0,1,0,0,0,0,0,0,0,0,1,0,0,0
-0.5859917156756798,1.7636972784074465,0,0,0,1,0,0,0,0,0,0,0,0,1,0,0,0
-0.5859917156756798,0.375463462461229,0,0,0,1,0,0,0,0,0,0,0,0,1,0,0,0
0.0179987777040376,-0.5685320372413107,0,0,0,1,0,0,0,0,1,0,0,0,0,0,0,0
2.125357547119873,0.0913141881592126,0,0,0,1,0,0,1,0,0,0,0,0,0,0,0,0
-0.6599828534880674,2.675603632588034,0,0,0,1,0,0,0,0,1,0,0,0,0,0,0,0
-0.5859917156756798,-0.7122111287997849,0,0,0,1,0,0,0,0,0,0,0,0,1,0,0,0
-0.6274943253935183,-0.0146271351569198,0,0,0,1,0,0,1,0,0,0,0,0,0,0,0,0
-0.078917931022535,0.574654364400856,0,0,0,1,0,0,1,0,0,0,0,0,0,0,0,0
0.4946991440720603,-0.196819500856994,0,0,0,0,1,0,1,0,0,0,0,0,0,0,0,0
0.6535219801431185,-0.6605300892178845,0,0,0,1,0,0,0,0,0,0,0,0,1,0,0,0
0.6396104908522229,-0.6298912665210682,0,0,0,1,0,0,0,0,0,0,0,0,1,0,0,0
-0.0939887110876719,0.5326765289854133,0,0,0,1,0,0,1,0,0,0,0,0,0,0,0,0
1.404742401851481,-0.6780647153533219,0,0,0,0,1,0,0,0,0,1,0,0,0,0,0,0
0.6535219801431185,-0.6654572510606254,0,0,0,1,0,0,0,0,0,0,0,0,1,0,0,0
1.390830912560585,-0.6731391599443444,0,0,0,0,1,0,0,0,0,1,0,0,0,0,0,0
-0.0976984415652441,-0.42964912580123,0,0,0,1,0,0,0,0,0,0,0,0,1,0,0,0
-0.5597917441778264,-0.7045850434893424,0,0,0,1,0,0,0,0,1,0,0,0,0,0,0,0
0.6535219801431185,-0.6621994607611801,0,0,0,1,0,0,0,0,0,0,0,0,1,0,0,0
-0.7167597150100985,2.342675972396593,0,0,0,1,0,0,0,0,0,0,0,0,1,0,0,0
-0.5857598575208315,-0.6749764611885448,0,0,0,1,0,0,0,0,0,0,0,0,1,0,0,0
-0.5859917156756798,0.193827783432791,0,0,0,1,0,0,0,0,0,0,0,0,1,0,0,0
0.0523137846215801,2.6455770906455927,0,0,0,1,0,0,1,0,0,0,0,0,0,0,0,0
-0.7376269489464419,1.3586345459969458,1,0,0,0,0,0,1,0,0,0,0,0,0,0,0,0
0.2908659671236566,0.041410686369561495,0,0,0,1,0,0,0,0,0,0,0,0,1,0,0,0
0.968849070736752,1.2391073828536,0,0,0,1,0,0,1,0,0,0,0,0,0,0,0,0
0.6535219801431185,-0.6601577408205931,0,0,0,1,0,0,0,0,0,0,0,0,1,0,0,0
-0.4684396311676119,-0.6545616140606846,0,0,0,1,0,0,0,0,0,0,0,0,1,0,0,0
-0.4691352056321567,-0.6546464108143358,0,0,0,1,0,0,0,0,0,0,0,0,1,0,0,0
-0.6402465239101727,1.5763400560402894,1,0,0,0,0,0,0,0,0,1,0,0,0,0,0,0
-0.6323633466453318,-0.6672779142408481,0,0,0,0,1,0,0,0,0,1,0,0,0,0,0,0
-0.5746306660881151,-0.6248336966803236,0,0,0,1,0,0,0,0,0,0,0,0,1,0,0,0
-0.521071432318167,-0.0732148645864526,0,0,0,1,0,0,1,0,0,0,0,0,0,0,0,0
-0.4689033474773084,-0.654663278368851,0,0,0,1,0,0,0,0,0,0,0,0,1,0,0,0
1.5498856067864917,2.1117722320440797,0,0,0,1,0,0,1,0,0,0,0,0,0,0,0,0
-0.7014570767901133,-0.6676289200181408,0,0,0,0,1,0,0,0,0,1,0,0,0,0,0,0
-0.5859917156756798,-0.7122254145857518,0,0,0,1,0,0,0,0,0,0,0,0,1,0,0,0
-0.5924837440114311,-0.5711956191662187,0,0,0,1,0,0,0,0,1,0,0,0,0,0,0,0
0.0026961394840524,-0.5679208465669894,0,0,0,1,0,0,0,0,1,0,0,0,0,0,0,0
-0.5859917156756798,-0.7122296027880635,0,0,0,1,0,0,0,0,0,0,0,0,1,0,0,0
-0.6402465239101727,1.577055148555519,1,0,0,0,0,0,0,0,0,1,0,0,0,0,0,0
-0.1178701010370427,-0.5194681651230842,0,0,0,1,0,0,0,0,0,0,0,0,1,0,0,0
-0.7237154596555463,0.859256251415697,1,0,0,0,0,0,1,0,0,0,0,0,0,0,0,0
-0.5859917156756798,1.5132595329830998,0,0,0,1,0,0,0,0,0,0,0,0,1,0,0,0
1.390830912560585,-0.6683866977733681,0,0,0,0,1,0,0,0,0,1,0,0,0,0,0,0
0.6535219801431185,-0.6621636028646767,0,0,0,1,0,0,0,0,0,0,0,0,1,0,0,0
-0.5284908932733113,-0.307965267957949,0,0,0,1,0,0,1,0,0,0,0,0,0,0,0,0
0.6396104908522229,-0.6271952690577212,0,0,0,1,0,0,0,0,0,0,0,0,1,0,0,0
1.3490964446878986,-0.6647225944770635,0,1,0,0,0,0,0,1,0,0,0,0,0,0,0,0
-0.6281898998580631,0.313086901628194,0,0,0,1,0,0,0,0,0,0,0,1,0,0,0,0
2.126748696048963,0.0912290471697549,0,0,0,1,0,0,1,0,0,0,0,0,0,0,0,0
2.41494838252535,0.0912261211654003,0,0,0,1,0,0,1,0,0,0,0,0,0,0,0,0
-0.4684396311676119,-0.6545060773505801,0,0,0,1,0,0,0,0,0,0,0,0,1,0,0,0
1.390830912560585,-0.6783860021059925,0,0,0,0,1,0,0,0,0,1,0,0,0,0,0,0
-0.7237154596555463,1.4761359961647027,1,0,0,0,0,0,1,0,0,0,0,0,0,0,0,0
-0.6402465239101727,1.578256302029432,1,0,0,0,0,0,0,0,0,1,0,0,0,0,0,0
-0.0863373919776793,-0.5911057592292142,0,0,0,1,0,0,0,0,1,0,0,0,0,0,0,0
0.6815768168797579,1.9408997739753744,0,0,0,1,0,0,1,0,0,0,0,0,0,0,0,0
-0.5859917156756798,-0.3115649417858163,0,0,0,1,0,0,0,0,0,0,0,0,1,0,0,0
-0.6063952333023267,-0.0733756800806911,0,0,0,1,0,0,1,0,0,0,0,0,0,0,0,0
0.6535219801431185,-0.6656877169330321,0,0,0,1,0,0,0,0,0,0,0,0,1,0,0,0
-0.7376269489464419,-0.7064515474044553,0,1,0,0,0,0,0,0,0,0,0,0,0,1,0,0
-0.6235527367610979,2.673187785698489,0,0,0,1,0,0,0,0,0,0,0,0,1,0,0,0
-0.4695989219418532,-0.6545246087114931,0,0,0,1,0,0,0,0,0,0,0,0,1,0,0,0
-0.6509119990331926,-0.5851529468012069,0,0,0,0,1,0,0,0,0,1,0,0,0,0,0,0
0.0026961394840524,-0.5741674642557871,0,0,0,1,0,0,0,0,1,0,0,0,0,0,0,0
0.0179987777040376,-0.5478108202457254,0,0,0,1,0,0,0,0,1,0,0,0,0,0,0,0
-0.5755580987075081,-0.5731663117854118,0,0,0,1,0,0,0,0,1,0,0,0,0,0,0,0
-0.567443063287819,-0.307026422168538,0,0,0,1,0,0,1,0,0,0,0,0,0,0,0,0
-0.125289561992187,0.639196627437428,0,0,0,1,0,0,1,0,0,0,0,0,0,0,0,0
1.2605266295358633,0.5553916171444916,0,0,0,1,0,0,1,0,0,0,0,0,0,0,0,0
-0.5859917156756798,-0.0683776630344595,0,0,0,1,0,0,0,0,0,0,0,0,1,0,0,0
-0.5456483967320825,-0.1909298556994671,0,0,0,1,0,0,1,0,0,0,0,0,0,0,0,0
-0.7376269489464419,-0.7064490230085414,0,1,0,0,0,0,0,0,0,0,0,0,0,1,0,0
-0.6819809917828594,-0.3141829698390063,1,0,0,0,0,0,0,0,0,1,0,0,0,0,0,0
-0.5704572193008464,-0.7068019220827694,0,0,0,1,0,0,0,0,0,0,0,0,1,0,0,0
-0.08978523782555664,-0.579213989602394,0,0,0,1,0,0,0,0,1,0,0,0,0,0,0,0
-0.5238537301763461,-0.1908727125555993,0,0,0,1,0,0,1,0,0,0,0,0,0,0,0,0
-0.7376269489464419,-0.706549998845095,0,1,0,0,0,0,0,0,0,0,0,0,0,1,0,0
-0.169806327723053,-0.5986880118469708,0,0,0,1,0,0,0,0,1,0,0,0,0,0,0,0
-0.5813545525787146,-0.6981879373804991,0,0,0,1,0,0,0,0,1,0,0,0,0,0,0,0
-0.4689033474773084,-0.65465180384197,0,0,0,1,0,0,0,0,0,0,0,0,1,0,0,0
1.5508130394058848,0.1948137895276832,0,0,0,1,0,0,1,0,0,0,0,0,0,0,0,0
-0.7123544100679815,-0.712280205451609,0,0,0,1,0,0,0,0,0,0,0,0,1,0,0,0
-0.7376269489464419,-0.7065397865161708,0,1,0,0,0,0,0,0,0,0,0,0,0,1,0,0
0.9674579218076624,0.7800244138112197,0,0,0,1,0,0,1,0,0,0,0,0,0,0,0,0
1.5498856067864917,2.1146883683056403,0,0,0,1,0,0,1,0,0,0,0,0,0,0,0,0
1.3490964446878986,-0.6629536240404399,0,1,0,0,0,0,0,1,0,0,0,0,0,0,0,0
-0.7237154596555463,0.903296403547478,1,0,0,0,0,0,1,0,0,0,0,0,0,0,0,0
-0.5859917156756798,2.667045012477965,0,0,0,1,0,0,0,0,0,0,0,0,1,0,0,0
-0.4204449931140221,1.06937411581365,0,0,0,1,0,0,0,0,1,0,0,0,0,0,0,0
-0.1424470654509583,0.570149006166264,0,0,0,1,0,0,1,0,0,0,0,0,0,0,0,0
-0.5859917156756798,0.1761904029091335,0,0,0,1,0,0,0,0,0,0,0,0,1,0,0,0
-0.4689033474773084,-0.6546262156470251,0,0,0,1,0,0,0,0,0,0,0,0,1,0,0,0
-0.6281898998580631,-0.4772309480274945,0,0,0,1,0,0,0,0,0,0,0,1,0,0,0,0
0.1851685073496331,0.0367759913839204,0,0,0,1,0,0,0,0,0,0,0,0,1,0,0,0
-0.6402465239101727,1.580933538641328,1,0,0,0,0,0,0,0,0,1,0,0,0,0,0,0
-0.572775800849329,-0.6795163577490488,0,0,0,1,0,0,0,0,0,0,0,0,1,0,0,0
2.9996946490526617,1.7581576063197926,0,0,0,1,0,0,1,0,0,0,0,0,0,0,0,0
-0.7139774171519193,0.5162289421540561,0,0,0,1,0,0,0,0,0,0,0,1,0,0,0,0
-0.06984547934944477,-0.4054143085764416,0,0,0,1,0,0,0,0,1,0,0,0,0,0,0,0
0.18821267493634586,0.7810633457542013,0,0,0,1,0,0,1,0,0,0,0,0,0,0,0,0
-0.5859917156756798,0.3771537750160826,0,0,0,1,0,0,0,0,0,0,0,0,1,0,0,0
-0.572775800849329,-0.5493711837836507,0,0,0,1,0,0,0,0,1,0,0,0,0,0,0,0
-0.5859917156756798,-0.7121935154010224,0,0,0,1,0,0,0,0,0,0,0,0,1,0,0,0
0.9690809288916004,1.2390605667839252,0,0,0,1,0,0,1,0,0,0,0,0,0,0,0,0
-0.687777445654066,-0.1385565005381961,0,0,0,1,0,0,0,0,1,0,0,0,0,0,0,0
-0.2641725967462948,-0.5966705605307373,0,0,0,1,0,0,0,0,0,0,0,0,1,0,0,0
-0.5859917156756798,-0.7121502564346807,0,0,0,1,0,0,0,0,0,0,0,0,1,0,0,0
-0.7376269489464419,1.11444984399645,1,0,0,0,0,0,1,0,0,0,0,0,0,0,0,0
-0.4689033474773084,-0.6545002827145051,0,0,0,1,0,0,0,0,0,0,0,0,1,0,0,0
0.131609273579685,2.6644409833475704,0,0,0,1,0,0,1,0,0,0,0,0,0,0,0,0
0.0026961394840524,-0.5741800862353563,0,0,0,1,0,0,0,0,1,0,0,0,0,0,0,0
2.7010613456081027,0.6085202830377106,0,0,0,1,0,0,1,0,0,0,0,0,0,0,0,0
-0.5859917156756798,-0.5914240626048956,0,0,0,1,0,0,0,0,0,0,0,0,1,0,0,0
1.390830912560585,-0.6732378982481562,0,0,0,0,1,0,0,0,0,1,0,0,0,0,0,0
1.3490964446878986,-0.6650617241190342,0,1,0,0,0,0,0,1,0,0,0,0,0,0,0,0
-0.2217425544090632,0.5456576612459927,0,0,0,1,0,0,1,0,0,0,0,0,0,0,0,0
-0.7376269489464419,1.1383224824272926,1,0,0,0,0,0,1,0,0,0,0,0,0,0,0,0
-0.6402465239101727,1.5784079952748,1,0,0,0,0,0,0,0,0,1,0,0,0,0,0,0
0.0026961394840524,-0.581456829574904,0,0,0,1,0,0,0,0,1,0,0,0,0,0,0,0
-0.5706890774556946,-0.602815743401906,0,0,0,1,0,0,0,0,1,0,0,0,0,0,0,0
0.5343468885511128,-0.6757893166728014,0,0,0,1,0,0,0,0,0,0,0,0,1,0,0,0
0.0975261248169908,-0.3304444972169865,0,0,0,1,0,0,0,0,0,0,0,0,1,0,0,0
-0.5447209641126896,-0.190940871245273,0,0,0,1,0,0,1,0,0,0,0,0,0,0,0,0
-0.08422063465861784,-0.5639547438903908,0,0,0,1,0,0,0,0,1,0,0,0,0,0,0,0
-0.5859917156756798,1.3619607818492363,0,0,0,1,0,0,0,0,0,0,0,0,1,0,0,0
-0.6599829298565185,2.6635962491500984,0,0,0,1,0,0,0,0,1,0,0,0,0,0,0,0
-0.09633730700380759,-0.5733345273029058,0,0,0,1,0,0,0,0,1,0,0,0,0,0,0,0
0.3919859814742811,2.1144088488308164,0,0,0,1,0,0,1,0,0,0,0,0,0,0,0,0
-0.1257532783018836,0.6094569486670142,0,0,0,1,0,0,1,0,0,0,0,0,0,0,0,0
0.6396104908522229,-0.6271870073983669,0,0,0,1,0,0,0,0,0,0,0,0,1,0,0,0
-0.5836731341271972,-0.5875315014783885,0,0,0,1,0,0,0,0,0,0,0,0,1,0,0,0
-0.0844825267388933,-0.5486751389830437,0,0,0,1,0,0,0,0,1,0,0,0,0,0,0,0
-0.4686714893224602,-0.6546476156396583,0,0,0,1,0,0,0,0,0,0,0,0,1,0,0,0
-0.6045403680635406,-0.1906717935899113,0,0,0,1,0,0,1,0,0,0,0,0,0,0,0,0
-0.4689033474773084,-0.654616290181273,0,0,0,1,0,0,0,0,0,0,0,0,1,0,0,0
-0.4686714893224602,-0.654480317037732,0,0,0,1,0,0,0,0,0,0,0,0,1,0,0,0
-0.5672112051329707,-0.6155592382107778,0,0,0,1,0,0,0,0,1,0,0,0,0,0,0,0
-0.7376269489464419,1.4614412580597014,1,0,0,0,0,0,1,0,0,0,0,0,0,0,0,0
-0.7376269489464419,1.314571444811402,1,0,0,0,0,0,1,0,0,0,0,0,0,0,0,0
-0.7376269489464419,-0.7065172390708494,0,1,0,0,0,0,0,0,0,0,0,0,0,1,0,0
2.9996946490526617,1.7582629424765612,0,0,0,1,0,0,1,0,0,0,0,0,0,0,0,0
-0.5859917156756798,-0.7122253572131174,0,0,0,1,0,0,0,0,0,0,0,0,1,0,0,0
-0.7515384382373375,2.7667912387309963,1,0,0,0,0,0,1,0,0,0,0,0,0,0,0,0
1.8339118464756103,0.3207580818292792,0,0,0,1,0,0,1,0,0,0,0,0,0,0,0,0
-0.4682077730127637,-0.6546962102609998,0,0,0,1,0,0,0,0,0,0,0,0,1,0,0,0
0.0026961394840524,-0.5671461438846126,0,0,0,1,0,0,0,0,1,0,0,0,0,0,0,0
-0.0075056193292709,-0.5195022444679211,0,0,0,1,0,0,0,0,0,0,0,0,1,0,0,0
-0.4686714893224602,-0.6545388944974599,0,0,0,1,0,0,0,0,0,0,0,0,1,0,0,0
1.2600629132261667,1.1607478387826236,0,0,0,1,0,0,1,0,0,0,0,0,0,0,0,0
-0.7457419843661309,1.0295965209276567,0,0,0,1,0,0,1,0,0,0,0,0,0,0,0,0
-0.7376269489464419,-0.7064709967275187,0,1,0,0,0,0,0,0,0,0,0,0,0,1,0,0
1.390830912560585,-0.6783296621790064,0,0,0,0,1,0,0,0,0,1,0,0,0,0,0,0
0.0026961394840524,-0.5894854986609696,0,0,0,1,0,0,0,0,1,0,0,0,0,0,0,0
0.6535219801431185,-0.6605141396255197,0,0,0,1,0,0,0,0,0,0,0,0,1,0,0,0
-0.0151569384392635,-0.6166274019181388,0,0,0,1,0,0,0,0,0,0,0,0,1,0,0,0
-0.0559639736925573,-0.7090768617822146,0,0,0,1,0,0,0,0,0,0,0,0,1,0,0,0
1.5471033089283126,0.2746138457033122,0,0,0,1,0,0,1,0,0,0,0,0,0,0,0,0
-0.6374642260519935,-0.6689642107112935,0,0,0,0,1,0,0,0,0,1,0,0,0,0,0,0
-0.5069280848724231,-0.1672537759140973,0,0,0,1,0,0,0,0,1,0,0,0,0,0,0,0
0.227830407841713,0.8004747745997769,0,0,0,1,0,0,0,0,0,0,0,0,1,0,0,0
-0.7376269489464419,-0.7065469580954714,0,1,0,0,0,0,0,0,0,0,0,0,0,1,0,0
1.3630079339787942,-0.675170495438104,0,1,0,0,0,0,0,1,0,0,0,0,0,0,0,0
-0.6235527367610979,2.673762430004694,0,0,0,1,0,0,0,0,0,0,0,0,1,0,0,0
-0.4686714893224602,-0.6545955786602525,0,0,0,1,0,0,0,0,0,0,0,0,1,0,0,0
1.3769194232696895,-0.6732442666105751,0,1,0,0,0,0,0,1,0,0,0,0,0,0,0,0
0.6535219801431185,-0.6647531740912016,0,0,0,1,0,0,0,0,0,0,0,0,1,0,0,0
1.390830912560585,-0.6782150890280987,0,0,0,0,1,0,0,0,0,1,0,0,0,0,0,0
-0.7376269489464419,1.490820866176587,1,0,0,0,0,0,1,0,0,0,0,0,0,0,0,0
-0.6402465239101727,1.580249656839215,1,0,0,0,0,0,0,0,0,1,0,0,0,0,0,0
-0.5859917156756798,-0.7122239802698916,0,0,0,1,0,0,0,0,0,0,0,0,1,0,0,0
0.0026961394840524,-0.5789608904877288,0,0,0,1,0,0,0,0,1,0,0,0,0,0,0,0
0.6535219801431185,-0.6618898206532939,0,0,0,1,0,0,0,0,0,0,0,0,1,0,0,0
0.6535219801431185,-0.6592998478183283,0,0,0,1,0,0,0,0,0,0,0,0,1,0,0,0
-0.7376269489464419,1.3145783295275308,1,0,0,0,0,0,1,0,0,0,0,0,0,0,0,0
-0.7376269489464419,1.4908174238185223,1,0,0,0,0,0,1,0,0,0,0,0,0,0,0,0
-0.0529498176795299,-0.5249280318762799,0,0,0,1,0,0,0,0,0,0,0,0,1,0,0,0
-0.5690660703717568,-0.1898114335643671,0,0,0,1,0,0,1,0,0,0,0,0,0,0,0,0
-0.7376269489464419,2.21051397821394,1,0,0,0,0,0,1,0,0,0,0,0,0,0,0,0
-0.4684396311676119,-0.6547254703045465,0,0,0,1,0,0,0,0,0,0,0,0,1,0,0,0
-0.7376269489464419,-0.7064894133431628,0,1,0,0,0,0,0,0,0,0,0,0,0,1,0,0
1.3630079339787942,-0.6717714537127526,0,1,0,0,0,0,0,1,0,0,0,0,0,0,0,0
1.390830912560585,-0.6782607576450853,0,0,0,0,1,0,0,0,0,1,0,0,0,0,0,0
0.6396104908522229,-0.6621696843639236,0,0,0,1,0,0,0,0,0,0,0,0,1,0,0,0
0.0750358837967096,2.658434527506394,0,0,0,1,0,0,1,0,0,0,0,0,0,0,0,0
1.404742401851481,-0.6784313838598072,0,0,0,0,1,0,0,0,0,1,0,0,0,0,0,0
-0.5725439426944807,-0.3315687713607959,0,0,0,1,0,0,0,0,1,0,0,0,0,0,0,0
-0.6402465239101727,1.5806560845813435,1,0,0,0,0,0,0,0,0,1,0,0,0,0,0,0
-0.7251066085846358,3.802206646373206,0,0,0,1,0,0,1,0,0,0,0,0,0,0,0,0
-0.084250668584045,-0.7096422690942804,0,0,0,0,1,0,1,0,0,0,0,0,0,0,0,0
0.6535219801431185,-0.6647041778614193,0,0,0,1,0,0,0,0,0,0,0,0,1,0,0,0
-0.6599825312504566,2.605837548330424,0,0,0,1,0,0,0,0,1,0,0,0,0,0,0,0
-0.6669102117177226,-0.7117558195731432,0,0,0,1,0,0,0,0,1,0,0,0,0,0,0,0
-0.7462057006758275,-0.3084878179121139,0,0,0,1,0,0,0,0,0,0,0,0,1,0,0,0
-0.7376269489464419,1.9314218147715927,1,0,0,0,0,0,1,0,0,0,0,0,0,0,0,0
1.3630079339787942,-0.6626553437141659,0,1,0,0,0,0,0,1,0,0,0,0,0,0,0,0
-0.5836731341271972,-0.4029830711738196,0,0,0,1,0,0,0,0,1,0,0,0,0,0,0,0
0.6535219801431185,-0.6631944169870396,0,0,0,1,0,0,0,0,0,0,0,0,1,0,0,0
-0.5282590351184631,-0.3089629780702599,0,0,0,1,0,0,1,0,0,0,0,0,0,0,0,0
-0.0807727962613211,-0.5730053241732701,0,0,0,1,0,0,0,0,1,0,0,0,0,0,0,0
0.0026961394840524,-0.5652283488343411,0,0,0,1,0,0,0,0,1,0,0,0,0,0,0,0
1.404742401851481,-0.6745241353388922,0,0,0,0,1,0,0,0,0,1,0,0,0,0,0,0
1.3769194232696895,-0.6730470768661236,0,1,0,0,0,0,0,1,0,0,0,0,0,0,0,0
-0.7348446510882627,-0.7122616167180618,0,0,0,0,1,0,1,0,0,0,0,0,0,0,0,0
-0.6669102117177226,-0.7109598890160362,0,0,0,1,0,0,0,0,1,0,0,0,0,0,0,0
-0.7139774171519193,-0.6535511672235356,0,0,0,1,0,0,0,0,0,0,0,1,0,0,0,0
-0.4689033474773084,-0.6545322966445034,0,0,0,1,0,0,0,0,0,0,0,0,1,0,0,0
-0.6453474033168344,0.1618077719352976,0,0,0,1,0,0,1,0,0,0,0,0,0,0,0,0
-0.09633731259174304,-0.5615788909076682,0,0,0,1,0,0,0,0,1,0,0,0,0,0,0,0
0.9737180919885656,1.3043494772846502,0,0,0,1,0,0,1,0,0,0,0,0,0,0,0,0
0.9737180919885656,1.0219659605517306,0,0,0,1,0,0,1,0,0,0,0,0,0,0,0,0
-0.5280271769636148,-0.308673762620222,0,0,0,1,0,0,1,0,0,0,0,0,0,0,0,0
-0.5859917156756798,2.290241974360755,0,0,0,1,0,0,0,0,0,0,0,0,1,0,0,0
0.0026961394840524,-0.5657962231696865,0,0,0,1,0,0,0,0,1,0,0,0,0,0,0,0
-0.5528359995323786,0.0452366190344247,0,0,0,1,0,0,0,0,1,0,0,0,0,0,0,0
0.6535219801431185,-0.6611361163551094,0,0,0,1,0,0,0,0,0,0,0,0,1,0,0,0
0.6535219801431185,-0.6611080611368851,0,0,0,1,0,0,0,0,0,0,0,0,1,0,0,0
-0.08978523782555664,-0.5763490241427875,0,0,0,1,0,0,0,0,1,0,0,0,0,0,0,0
-0.6669102117177226,-0.7117875466399693,0,0,0,1,0,0,0,0,1,0,0,0,0,0,0,0
-0.7376269489464419,1.3586223829984514,1,0,0,0,0,0,1,0,0,0,0,0,0,0,0,0
1.390830912560585,-0.6636809369267979,0,0,0,0,1,0,0,0,0,1,0,0,0,0,0,0
1.3490964446878986,-0.6645616068649217,0,1,0,0,0,0,0,1,0,0,0,0,0,0,0,0
1.404742401851481,-0.6774162898392714,0,0,0,0,1,0,0,0,0,1,0,0,0,0,0,0
-0.5595598860229781,0.6243340170041564,0,0,0,1,0,0,0,0,0,0,0,1,0,0,0,0
0.6535219801431185,-0.6635026227790657,0,0,0,1,0,0,0,0,0,0,0,0,1,0,0,0
-0.5653563398941847,-0.1907257238662525,0,0,0,1,0,0,1,0,0,0,0,0,0,0,0,0
-0.7376269489464419,1.192495789247766,1,0,0,0,0,0,1,0,0,0,0,0,0,0,0,0
-0.1561266965870056,0.6021468718268769,0,0,0,1,0,0,1,0,0,0,0,0,0,0,0,0
0.4761504916841995,2.63930488476185,0,0,0,1,0,0,1,0,0,0,0,0,0,0,0,0
-0.7376269489464419,-0.7064702508832713,0,1,0,0,0,0,0,0,0,0,0,0,0,1,0,0
0.0026961394840524,-0.573948128674455,0,0,0,1,0,0,0,0,1,0,0,0,0,0,0,0
-0.7376269489464419,-0.706551834769396,0,1,0,0,0,0,0,0,0,0,0,0,0,1,0,0
-0.5681386377523637,-0.4251068769627153,0,0,0,1,0,0,0,0,1,0,0,0,0,0,0,0
-0.7264977575137254,-0.5153158207079892,0,0,0,0,1,0,1,0,0,0,0,0,0,0,0,0
0.6535219801431185,-0.6657323528425996,0,0,0,1,0,0,0,0,0,0,0,0,1,0,0,0
2.1211841003326044,0.785586690716829,0,0,0,1,0,0,1,0,0,0,0,0,0,0,0,0
-0.7123544100679815,-0.7122388971548371,0,0,0,1,0,0,0,0,0,0,0,0,1,0,0,0
-0.09077268055380443,-0.5745335613294515,0,0,0,1,0,0,0,0,1,0,0,0,0,0,0,0
-0.7376269489464419,-0.7064326718077358,0,1,0,0,0,0,0,0,0,0,0,0,0,1,0,0
-0.1044223280558436,0.6205082949967314,0,0,0,1,0,0,1,0,0,0,0,0,0,0,0,0
-0.7376269489464419,-0.7064937162907432,0,1,0,0,0,0,0,0,0,0,0,0,0,1,0,0
-0.7274251901331185,1.8523363921301177,0,0,0,1,0,0,1,0,0,0,0,0,0,0,0,0
-0.2082947814278641,-0.7110002219780233,0,0,0,0,1,0,1,0,0,0,0,0,0,0,0,0
-0.7515384382373375,2.798015721279824,1,0,0,0,0,0,1,0,0,0,0,0,0,0,0,0
1.5508130394058848,0.1950704746940132,0,0,0,1,0,0,1,0,0,0,0,0,0,0,0,0
-0.08978523875687922,-0.5774504667720713,0,0,0,1,0,0,0,0,1,0,0,0,0,0,0,0
-0.5818182688884111,-0.6892788278468474,0,0,0,1,0,0,0,0,0,0,0,0,1,0,0,0
0.9737180919885656,1.6083868031854158,0,0,0,1,0,0,1,0,0,0,0,0,0,0,0,0
-0.0529498176795299,-0.5267655052383835,0,0,0,1,0,0,0,0,0,0,0,0,1,0,0,0
-0.6796624102343769,0.3448041003612955,0,0,0,1,0,0,0,0,0,0,0,1,0,0,0,0
-0.7376269489464419,-0.706537548983429,0,1,0,0,0,0,0,0,0,0,0,0,0,1,0,0
-0.7348446510882627,-0.7122698210047816,0,0,0,0,1,0,1,0,0,0,0,0,0,0,0,0
0.6535219801431185,-0.6607299754761531,0,0,0,1,0,0,0,0,0,0,0,0,1,0,0,0
-0.7376269489464419,1.4173799927984592,1,0,0,0,0,0,1,0,0,0,0,0,0,0,0,0
0.0026961394840524,-0.5792745466800234,0,0,0,1,0,0,0,0,1,0,0,0,0,0,0,0
-0.5644289072747916,-0.7053780480420946,0,0,0,1,0,0,0,0,0,0,0,0,1,0,0,0
0.0179987777040376,-0.5788393752480581,0,0,0,1,0,0,0,0,1,0,0,0,0,0,0,0
-0.5859917156756798,-0.7121635095132283,0,0,0,1,0,0,0,0,0,0,0,0,1,0,0,0
-0.7448145517467379,4.391406160436416,0,0,0,1,0,0,1,0,0,0,0,0,0,0,0,0
1.3769194232696895,-0.6734011807656741,0,1,0,0,0,0,0,1,0,0,0,0,0,0,0,0
1.3769194232696895,-0.6674359184760008,0,0,0,0,1,0,0,0,0,1,0,0,0,0,0,0
0.6535219801431185,-0.660503124079714,0,0,0,1,0,0,0,0,0,0,0,0,1,0,0,0
-0.5611828931069159,0.2197529278594892,0,0,0,1,0,0,1,0,0,0,0,0,0,0,0,0
-0.4689033474773084,-0.6546548445915935,0,0,0,1,0,0,0,0,0,0,0,0,1,0,0,0
-0.5706890774556946,-0.0947604115931757,0,0,0,1,0,0,0,0,1,0,0,0,0,0,0,0
-0.5859917156756798,0.8746036606096951,0,0,0,1,0,0,0,0,0,0,0,0,1,0,0,0
-0.08978523596291149,-0.5890956949356483,0,0,0,1,0,0,0,0,1,0,0,0,0,0,0,0
1.9428851792542925,0.0948189102771389,0,0,0,0,1,0,1,0,0,0,0,0,0,0,0,0
-0.7376269489464419,-0.7064418514292407,0,1,0,0,0,0,0,0,0,0,0,0,0,1,0,0
-0.5641970491199434,-0.3071204559163286,0,0,0,1,0,0,1,0,0,0,0,0,0,0,0,0
-0.0077374774841192,1.325334780516404,0,0,0,1,0,0,0,0,0,0,0,0,1,0,0,0
-0.746669416985524,1.0295987010877643,0,0,0,1,0,0,1,0,0,0,0,0,0,0,0,0
-0.5618784675714608,-0.7053962925398356,0,0,0,1,0,0,0,0,0,0,0,0,1,0,0,0
-0.5859917156756798,-0.712220480539193,0,0,0,1,0,0,0,0,0,0,0,0,1,0,0,0
0.6794900934861235,0.9537336044154682,0,0,0,1,0,0,1,0,0,0,0,0,0,0,0,0
-0.6221615878320084,-0.1247913712284662,0,0,0,1,0,0,0,0,1,0,0,0,0,0,0,0
-0.0601374204798259,-0.5213601424878732,0,0,0,1,0,0,0,0,0,0,0,0,1,0,0,0
-0.4876838580200175,-0.1459330722616093,0,0,0,1,0,0,0,0,0,0,0,0,1,0,0,0
1.3490964446878986,-0.6652124420296174,0,1,0,0,0,0,0,1,0,0,0,0,0,0,0,0
-0.7448145517467379,-0.3058004837165621,0,0,0,1,0,0,0,0,0,0,0,0,1,0,0,0
-0.09633731817967849,-0.555933867315388,0,0,0,1,0,0,0,0,1,0,0,0,0,0,0,0
-0.5859917156756798,1.3977913689786718,0,0,0,1,0,0,0,0,0,0,0,0,1,0,0,0
-0.4679759148579154,-0.6545366569647182,0,0,0,1,0,0,0,0,0,0,0,0,1,0,0,0
-0.7376269489464419,2.238960707295392,1,0,0,0,0,0,1,0,0,0,0,0,0,0,0,0
-0.7376269489464419,2.2619134329061783,1,0,0,0,0,0,1,0,0,0,0,0,0,0,0,0
1.3490964446878986,-0.6650811160694632,0,1,0,0,0,0,0,1,0,0,0,0,0,0,0,0
-0.4297193193079525,-0.0930848438053643,0,0,0,1,0,0,0,0,0,0,0,0,1,0,0,0
1.8339118464756103,0.3207548689617526,0,0,0,1,0,0,1,0,0,0,0,0,0,0,0,0
-0.6838654047966888,-0.20089952227911081,0,0,0,1,0,0,0,0,0,0,0,0,1,0,0,0
-0.6374642260519935,2.6267790617279125,0,0,0,1,0,0,0,0,0,0,0,0,1,0,0,0
-0.5825138433529559,-0.2989017112924776,0,0,0,1,0,0,0,0,1,0,0,0,0,0,0,0
-0.5859917156756798,1.516241992010033,0,0,0,1,0,0,0,0,0,0,0,0,1,0,0,0
-0.5859917156756798,-0.0678365817193816,0,0,0,1,0,0,0,0,0,0,0,0,1,0,0,0
-0.5859917156756798,-0.0682883338426902,0,0,0,1,0,0,0,0,0,0,0,0,1,0,0,0
-0.7237154596555463,0.873947661907903,1,0,0,0,0,0,1,0,0,0,0,0,0,0,0,0
-0.5373015031575452,0.2821591503445118,0,0,0,0,1,0,0,0,0,1,0,0,0,0,0,0
-0.7237154596555463,0.8711915952963335,1,0,0,0,0,0,1,0,0,0,0,0,0,0,0,0
-0.09262757093830004,-0.5556818128227434,0,0,0,1,0,0,0,0,1,0,0,0,0,0,0,0
2.6996701966790133,0.6077428838415166,0,0,0,1,0,0,1,0,0,0,0,0,0,0,0,0
-0.4686714893224602,-0.6546343051884763,0,0,0,1,0,0,0,0,0,0,0,0,1,0,0,0
0.6396104908522229,-0.6572270892825278,0,0,0,1,0,0,0,0,0,0,0,0,1,0,0,0
-0.7376269489464419,-0.7065474170765468,0,1,0,0,0,0,0,0,0,0,0,0,0,1,0,0
0.6396104908522229,-0.6298718745706391,0,0,0,1,0,0,0,0,0,0,0,0,1,0,0,0
-0.0237356901686491,-0.5268894301286994,0,0,0,1,0,0,0,0,0,0,0,0,1,0,0,0
-0.5709209356105429,-0.3831051171587257,0,0,0,1,0,0,0,0,1,0,0,0,0,0,0,0
-0.5373015031575452,0.2788933852488843,0,0,0,0,1,0,0,0,0,1,0,0,0,0,0,0
-0.5999032049665753,0.8666389620109916,0,0,0,1,0,0,1,0,0,0,0,0,0,0,0,0
-0.5859917156756798,-0.31101984438633,0,0,0,1,0,0,0,0,0,0,0,0,1,0,0,0
-0.7376269489464419,-0.7064462691220899,0,1,0,0,0,0,0,0,0,0,0,0,0,1,0,0
-0.7376269489464419,-0.7064312948645101,0,1,0,0,0,0,0,0,0,0,0,0,0,1,0,0
-0.7445826935918897,1.7478016163190695,0,0,0,1,0,0,1,0,0,0,0,0,0,0,0,0
-0.435515773179159,0.4927328976954507,0,0,0,1,0,0,0,0,0,0,0,0,1,0,0,0
0.3947682793324602,1.9447223978605412,0,0,0,1,0,0,1,0,0,0,0,0,0,0,0,0
0.6535219801431185,-0.6664075713769174,0,0,0,1,0,0,0,0,0,0,0,0,1,0,0,0
0.6535219801431185,-0.662089764284197,0,0,0,1,0,0,0,0,0,0,0,0,1,0,0,0
-0.7376269489464419,-0.7122508880354278,0,0,0,1,0,0,0,0,0,0,0,0,1,0,0,0
-0.5711527937653912,0.2322533348163852,0,0,0,1,0,0,0,0,0,0,0,0,1,0,0,0
-0.6056996588377819,-0.0733416581084886,0,0,0,1,0,0,1,0,0,0,0,0,0,0,0,0
0.6535219801431185,-0.6659581141589851,0,0,0,1,0,0,0,0,0,0,0,0,1,0,0,0
0.6535219801431185,-0.6658836444795267,0,0,0,1,0,0,0,0,0,0,0,0,1,0,0,0
-0.7376269489464419,-0.7065532117126216,0,1,0,0,0,0,0,0,0,0,0,0,0,1,0,0
-0.5859917156756798,-0.0695374508389659,0,0,0,1,0,0,0,0,0,0,0,0,1,0,0,0
-0.1018718883525128,0.5533530526987969,0,0,0,1,0,0,1,0,0,0,0,0,0,0,0,0
1.390830912560585,-0.6680870978765029,0,0,0,0,1,0,0,0,0,1,0,0,0,0,0,0
0.0026961394840524,-0.5792708748314216,0,0,0,1,0,0,0,0,1,0,0,0,0,0,0,0
-0.7258021830491806,1.101547312245006,0,0,0,1,0,0,1,0,0,0,0,0,0,0,0,0
0.0026961394840524,-0.5776587611772624,0,0,0,1,0,0,0,0,1,0,0,0,0,0,0,0
0.0026961394840524,-0.5806688164413449,0,0,0,1,0,0,0,0,1,0,0,0,0,0,0,0
-0.6374642260519935,2.674697144964428,0,0,0,1,0,0,0,0,0,0,0,0,1,0,0,0
-0.6281898998580631,0.7857935764364951,0,0,0,1,0,0,0,0,0,0,0,1,0,0,0,0
3.568210844740596,0.0758620739074246,0,0,0,1,0,0,1,0,0,0,0,0,0,0,0,0
-0.5639651909650951,-0.7058794848667983,0,0,0,1,0,0,0,0,0,0,0,0,1,0,0,0
1.3630079339787942,-0.6633403155963327,0,1,0,0,0,0,0,1,0,0,0,0,0,0,0,0
-0.366885759344074,0.2789405455543654,0,0,0,1,0,0,1,0,0,0,0,0,0,0,0,0
-0.5859917156756798,1.7602673128321504,0,0,0,1,0,0,0,0,0,0,0,0,1,0,0,0
0.1615189755551106,-0.330635318599019,0,0,0,1,0,0,0,0,0,0,0,0,1,0,0,0
-0.5718483682299359,0.0267692286088233,0,0,0,1,0,0,0,0,0,0,0,0,1,0,0,0
0.0676164228415652,2.687359285377713,0,0,0,1,0,0,1,0,0,0,0,0,0,0,0,0
-0.7376269489464419,-0.7122582317326317,0,0,0,1,0,0,0,0,0,0,0,0,1,0,0,0
1.404742401851481,-0.679090882292298,0,0,0,0,1,0,0,0,0,1,0,0,0,0,0,0
-0.09448244083369901,-0.570931762420588,0,0,0,1,0,0,0,0,1,0,0,0,0,0,0,0
-0.5287227514281596,0.8077347077574438,0,0,0,1,0,0,1,0,0,0,0,0,0,0,0,0
-0.4689033474773084,-0.6544970698469784,0,0,0,1,0,0,0,0,0,0,0,0,1,0,0,0
0.07639768518510943,0.7364501719324817,0,0,0,1,0,0,0,0,0,0,0,0,1,0,0,0
-0.1111462145464432,0.6163856122336239,0,0,0,1,0,0,1,0,0,0,0,0,0,0,0,0
-0.5859917156756798,-0.7122283405901065,0,0,0,1,0,0,0,0,0,0,0,0,1,0,0,0
-0.5859917156756798,2.67299662008065,0,0,0,1,0,0,0,0,0,0,0,0,1,0,0,0
1.390830912560585,-0.6767628729060275,0,0,0,0,1,0,0,0,0,1,0,0,0,0,0,0
1.3490964446878986,-0.6581558374882833,0,1,0,0,0,0,0,1,0,0,0,0,0,0,0,0
-0.4802643970648732,-0.6462675965404937,0,0,0,1,0,0,0,0,1,0,0,0,0,0,0,0
-0.4691352056321567,-0.6545959802686935,0,0,0,1,0,0,0,0,0,0,0,0,1,0,0,0
-0.08978523503158892,-0.5927836708358011,0,0,0,1,0,0,0,0,1,0,0,0,0,0,0,0
-0.5859917156756798,-0.3099252318945082,0,0,0,1,0,0,0,0,0,0,0,0,1,0,0,0
-0.1211161152049183,-0.3845093697584337,0,0,0,1,0,0,0,0,0,0,0,0,1,0,0,0
1.3630079339787942,-0.6730127680307492,0,1,0,0,0,0,0,1,0,0,0,0,0,0,0,0
1.404742401851481,-0.6780567979297739,0,0,0,0,1,0,0,0,0,1,0,0,0,0,0,0
-0.5859917156756798,-0.0666563118843925,0,0,0,1,0,0,0,0,0,0,0,0,1,0,0,0
0.0026961394840524,-0.5813471330979206,0,0,0,1,0,0,0,0,1,0,0,0,0,0,0,0
-0.5859917156756798,-0.7044240558772007,0,0,0,1,0,0,0,0,1,0,0,0,0,0,0,0
-0.6281898998580631,0.0442567518114139,0,0,0,1,0,0,1,0,0,0,0,0,0,0,0,0
0.6535219801431185,-0.6600104652680743,0,0,0,1,0,0,0,0,0,0,0,0,1,0,0,0
-0.6645916301692399,0.8663556559422972,0,0,0,1,0,0,1,0,0,0,0,0,0,0,0,0
-0.7376269489464419,2.225172456813997,1,0,0,0,0,0,1,0,0,0,0,0,0,0,0,0
0.6535219801431185,-0.6635719289214276,0,0,0,1,0,0,0,0,0,0,0,0,1,0,0,0
0.6535219801431185,-0.6633477166661711,0,0,0,1,0,0,0,0,0,0,0,0,1,0,0,0
-0.7376269489464419,-0.7065329018000421,0,1,0,0,0,0,0,0,0,0,0,0,0,1,0,0
-0.4199812768043255,-0.6533203571153224,0,0,0,1,0,0,0,0,0,0,0,0,1,0,0,0
0.6535219801431185,-0.6650519133985509,0,0,0,1,0,0,0,0,0,0,0,0,1,0,0,0
1.390830912560585,-0.6782912798865891,0,0,0,0,1,0,0,0,0,1,0,0,0,0,0,0
-0.5846005667465902,-0.1908798841349,0,0,0,1,0,0,1,0,0,0,0,0,0,0,0,0
-0.555850155545406,-0.7065518921420304,0,0,0,1,0,0,0,0,0,0,0,0,1,0,0,0
-0.7376269489464419,-0.7122379218200522,0,0,0,1,0,0,0,0,0,0,0,0,1,0,0,0
0.2966922798316462,2.6404759749753346,0,0,0,1,0,0,1,0,0,0,0,0,0,0,0,0
0.0734128767127717,2.68923261663632,0,0,0,1,0,0,1,0,0,0,0,0,0,0,0,0
0.6535219801431185,-0.6655365400413737,0,0,0,1,0,0,0,0,0,0,0,0,1,0,0,0
-0.6713155166598395,-0.7122959829260704,0,0,0,0,1,0,0,0,0,1,0,0,0,0,0,0
-0.5646607654296398,-0.071598562729982,0,0,0,1,0,0,1,0,0,0,0,0,0,0,0,0
1.261222204000408,1.0916271247752267,0,0,0,1,0,0,1,0,0,0,0,0,0,0,0,0
-0.5692979285266051,-0.7047077061817012,0,0,0,1,0,0,0,0,1,0,0,0,0,0,0,0
-0.7237154596555463,0.9767498989051752,1,0,0,0,0,0,1,0,0,0,0,0,0,0,0,0
-0.5739350916235703,-0.7057062195108939,0,0,0,1,0,0,0,0,1,0,0,0,0,0,0,0
-0.6281898998580631,-0.4717143971115065,0,0,0,1,0,0,0,0,0,0,0,1,0,0,0,0
-0.6005987794311202,0.9841764421931554,0,0,0,1,0,0,1,0,0,0,0,0,0,0,0,0
-0.1090594911528088,0.6272058615919558,0,0,0,1,0,0,1,0,0,0,0,0,0,0,0,0
0.6535219801431185,-0.66167983681137,0,0,0,1,0,0,0,0,0,0,0,0,1,0,0,0
0.6535219801431185,-0.6600312915343635,0,0,0,1,0,0,0,0,0,0,0,0,1,0,0,0
-0.6599829587275183,2.6635592527447676,0,0,0,1,0,0,0,0,1,0,0,0,0,0,0,0
1.3630079339787942,-0.6718563078390384,0,1,0,0,0,0,0,1,0,0,0,0,0,0,0,0
1.9438126118736856,0.0953776623636137,0,0,0,0,1,0,1,0,0,0,0,0,0,0,0,0
1.390830912560585,-0.673223727207458,0,0,0,0,1,0,0,0,0,1,0,0,0,0,0,0
-0.6001350631214236,-0.7040867047868965,0,0,0,1,0,0,0,0,0,0,0,0,1,0,0,0
0.6535219801431185,-0.6645815725416948,0,0,0,1,0,0,0,0,0,0,0,0,1,0,0,0
-0.09164012448476196,-0.571813673813467,0,0,0,1,0,0,0,0,1,0,0,0,0,0,0,0
-0.5637333328102468,0.2554721547055434,0,0,0,1,0,0,0,0,0,0,0,0,1,0,0,0
-0.1962381573757546,0.5573468765250298,0,0,0,1,0,0,1,0,0,0,0,0,0,0,0,0
2.5313411762591764,-0.6870450816989052,0,0,0,0,1,0,1,0,0,0,0,0,0,0,0,0
-0.5859917156756798,1.4232776701248024,0,0,0,1,0,0,0,0,0,0,0,0,1,0,0,0
-0.7376269489464419,-0.7064730047697229,0,1,0,0,0,0,0,0,0,0,0,0,0,1,0,0
-0.4686714893224602,-0.6546441159089597,0,0,0,1,0,0,0,0,0,0,0,0,1,0,0,0
-0.7376269489464419,-0.706549711981923,0,1,0,0,0,0,0,0,0,0,0,0,0,1,0,0
-0.08978523875687922,-0.5760949781176402,0,0,0,1,0,0,0,0,1,0,0,0,0,0,0,0
0.1394924508445259,-0.7110384895251717,0,0,0,0,1,0,1,0,0,0,0,0,0,0,0,0
0.6101645051864938,-0.682706218849358,0,0,0,0,1,0,1,0,0,0,0,0,0,0,0,0
-0.7376269489464419,-0.7064884380083779,0,1,0,0,0,0,0,0,0,0,0,0,0,1,0,0
0.6535219801431185,-0.6633422662659025,0,0,0,1,0,0,0,0,0,0,0,0,1,0,0,0
-0.6281898998580631,0.488370053084722,0,0,0,1,0,0,0,0,0,0,0,1,0,0,0,0
-0.7464375588306758,5.625271215581734,0,0,0,1,0,0,1,0,0,0,0,0,0,0,0,0
-0.672706665588929,0.8886588085863445,0,0,0,1,0,0,0,0,0,0,0,0,1,0,0,0
-0.0986258741846371,0.5952077664408054,0,0,0,1,0,0,1,0,0,0,0,0,0,0,0,0
1.3769194232696895,-0.6758525986885505,0,1,0,0,0,0,0,1,0,0,0,0,0,0,0,0
-0.1236665549082492,0.5925968525942816,0,0,0,1,0,0,1,0,0,0,0,0,0,0,0,0
1.8415631655856028,0.0338601993581662,0,0,0,0,1,0,1,0,0,0,0,0,0,0,0,0
-0.1215798315146149,0.6206054842394142,0,0,0,1,0,0,1,0,0,0,0,0,0,0,0,0
-0.0362560305304552,-0.1636307514240269,0,0,0,1,0,0,0,0,0,0,0,0,1,0,0,0
-0.0622241438734603,0.6277425252141846,0,0,0,1,0,0,1,0,0,0,0,0,0,0,0,0
-0.5859917156756798,2.399149921856725,0,0,0,1,0,0,0,0,0,0,0,0,1,0,0,0
-0.5750943823978115,-0.2353036870729505,0,0,0,1,0,0,0,0,1,0,0,0,0,0,0,0
0.3919859814742811,2.1133917467680767,0,0,0,1,0,0,1,0,0,0,0,0,0,0,0,0
-0.6374642260519935,-0.668442865582451,0,0,0,0,1,0,0,0,0,1,0,0,0,0,0,0
-0.7376269489464419,-0.7122519781154815,0,0,0,1,0,0,0,0,0,0,0,0,1,0,0,0
-0.6043085099086923,-0.3380555508972148,0,0,0,1,0,0,0,0,0,0,0,0,1,0,0,0
0.6180476824513347,-0.6903109041671672,0,0,0,1,0,0,0,0,0,0,0,0,1,0,0,0
-0.2581442847202401,-0.7110373420724836,0,0,0,0,1,0,1,0,0,0,0,0,0,0,0,0
2.993434478871759,1.758023354355284,0,0,0,1,0,0,1,0,0,0,0,0,0,0,0,0
-0.6050040843732372,0.045245569165392,0,0,0,1,0,0,1,0,0,0,0,0,0,0,0,0
-0.7376269489464419,1.3733166621223778,1,0,0,0,0,0,1,0,0,0,0,0,0,0,0,0
-0.5859917156756798,-0.7122427984939766,0,0,0,1,0,0,0,0,0,0,0,0,1,0,0,0
-0.7376269489464419,-0.7064563667057452,0,1,0,0,0,0,0,0,0,0,0,0,0,1,0,0
0.0026961394840524,-0.5659499818298931,0,0,0,1,0,0,0,0,1,0,0,0,0,0,0,0
-0.4684396311676119,-0.6546162328086386,0,0,0,1,0,0,0,0,0,0,0,0,1,0,0,0
-0.5959700193614641,4.0010681372792725,0,0,0,1,0,0,0,0,0,0,0,0,1,0,0,0
-0.567443063287819,0.4556152128857634,0,0,0,1,0,0,1,0,0,0,0,0,0,0,0,0
-0.09164011051492334,-0.5832954233040091,0,0,0,1,0,0,0,0,1,0,0,0,0,0,0,0
-0.7251066085846358,2.394079787409046,0,0,0,1,0,0,1,0,0,0,0,0,0,0,0,0
-0.4682077730127637,-0.6541917326866726,0,0,0,1,0,0,0,0,0,0,0,0,1,0,0,0
2.7068577994793093,0.0747419305932924,0,0,0,1,0,0,1,0,0,0,0,0,0,0,0,0
-0.7376269489464419,1.887376613847984,1,0,0,0,0,0,1,0,0,0,0,0,0,0,0,0
-0.4679759148579154,-0.6545262725178909,0,0,0,1,0,0,0,0,0,0,0,0,1,0,0,0
-0.5632696165005503,-0.1909848186832275,0,0,0,1,0,0,1,0,0,0,0,0,0,0,0,0
1.8366941443337892,0.091261175845022,0,0,0,1,0,0,1,0,0,0,0,0,0,0,0,0
-0.7095721122098024,2.3426810211884206,0,0,0,1,0,0,0,0,0,0,0,0,1,0,0,0
-0.106509051449478,0.5357751102243834,0,0,0,1,0,0,1,0,0,0,0,0,0,0,0,0
0.6396104908522229,-0.6606042720341707,0,0,0,1,0,0,0,0,0,0,0,0,1,0,0,0
-0.1382736186636896,0.6242912170188897,0,0,0,1,0,0,1,0,0,0,0,0,0,0,0,0
1.04907199231425,0.7824062961011967,0,0,0,0,1,0,1,0,0,0,0,0,0,0,0,0
0.6535219801431185,-0.6643057822881079,0,0,0,1,0,0,0,0,0,0,0,0,1,0,0,0
-0.6861544385701281,2.659576013440525,0,0,0,1,0,0,1,0,0,0,0,0,0,0,0,0
0.6637237389564419,-0.6735243024391083,0,0,0,0,1,0,1,0,0,0,0,0,0,0,0,0
2.416571389609288,0.6191806922365891,0,0,0,1,0,0,1,0,0,0,0,0,0,0,0,0
-0.08793036606751252,-0.5883774119046337,0,0,0,1,0,0,0,0,1,0,0,0,0,0,0,0
-0.5859917156756798,2.666426764969612,0,0,0,1,0,0,0,0,0,0,0,0,1,0,0,0
2.629880892069687,-0.6450391910652384,0,0,0,0,1,0,1,0,0,0,0,0,0,0,0,0
-0.7376269489464419,-0.7064823565091309,0,1,0,0,0,0,0,0,0,0,0,0,0,1,0,0
1.2579761898325323,0.1950775315280451,0,0,0,1,0,0,1,0,0,0,0,0,0,0,0,0
-0.7515384382373375,-0.7122972451240275,0,1,0,0,0,0,0,1,0,0,0,0,0,0,0,0
-0.7376269489464419,5.66754796242243,1,0,0,0,0,0,1,0,0,0,0,0,0,0,0,0
-0.1341001718764209,0.6287763800861709,0,0,0,1,0,0,1,0,0,0,0,0,0,0,0,0
-0.5859917156756798,-0.3121102686758402,0,0,0,1,0,0,0,0,0,0,0,0,1,0,0,0
-0.7248747504297876,2.21780443361311,0,0,0,1,0,0,1,0,0,0,0,0,0,0,0,0
-0.5846005667465902,-0.7066435736118103,0,0,0,1,0,0,0,0,1,0,0,0,0,0,0,0
0.6535219801431185,-0.6633630925321917,0,0,0,1,0,0,0,0,0,0,0,0,1,0,0,0
-0.5859917156756798,-0.5943517307659718,0,0,0,1,0,0,0,0,0,0,0,0,1,0,0,0
-0.5672112051329707,-0.1909561323660248,0,0,0,1,0,0,1,0,0,0,0,0,0,0,0,0
0.0026961394840524,-0.5660989785614441,0,0,0,1,0,0,0,0,1,0,0,0,0,0,0,0
-0.586223573830528,-0.18998533001925,0,0,0,1,0,0,1,0,0,0,0,0,0,0,0,0
-0.08793036606751252,-0.5828025620875183,0,0,0,1,0,0,0,0,1,0,0,0,0,0,0,0
-0.5859917156756798,-0.7122425690034391,0,0,0,1,0,0,0,0,0,0,0,0,1,0,0,0
-0.0893515479907067,0.5890926468300651,0,0,0,1,0,0,1,0,0,0,0,0,0,0,0,0
0.1786764790138818,-0.3301637155442062,0,0,0,1,0,0,0,0,0,0,0,0,1,0,0,0
0.0108111749037415,-0.3907481847689522,0,0,0,1,0,0,0,0,0,0,0,0,1,0,0,0
-0.09448243431444099,-0.5730390012324486,0,0,0,1,0,0,0,0,1,0,0,0,0,0,0,0
1.842490598204996,2.114181882689109,0,0,0,1,0,0,1,0,0,0,0,0,0,0,0,0
-0.1160152357982566,-0.7111519152233913,0,0,0,0,1,0,1,0,0,0,0,0,0,0,0,0
-0.1169426684176497,0.6281592800305059,0,0,0,1,0,0,1,0,0,0,0,0,0,0,0,0
-0.5857598575208315,-0.7068454679122831,0,0,0,1,0,0,0,0,0,0,0,0,1,0,0,0
-0.5959702177331725,3.998277751041643,0,0,0,1,0,0,0,0,0,0,0,0,1,0,0,0
-0.719078296558581,2.342672759529066,0,0,0,1,0,0,0,0,0,0,0,0,1,0,0,0
-0.08793036606751252,-0.5908373228400473,0,0,0,1,0,0,0,0,1,0,0,0,0,0,0,0
-0.5859917156756798,-0.0665913660622455,0,0,0,1,0,0,0,0,0,0,0,0,1,0,0,0
-0.7376269489464419,-0.7122663786467173,0,0,0,1,0,0,0,0,0,0,0,0,1,0,0,0
1.9394073069315687,0.0876487652923166,0,0,0,0,1,0,1,0,0,0,0,0,0,0,0,0
1.390830912560585,-0.6767546686193076,0,0,0,0,1,0,0,0,0,1,0,0,0,0,0,0
-0.08978523875687922,-0.5761016333432312,0,0,0,1,0,0,0,0,1,0,0,0,0,0,0,0
-0.7339172184688697,-0.7122173250443007,0,0,0,0,1,0,1,0,0,0,0,0,0,0,0,0
0.6535219801431185,-0.6611184455837126,0,0,0,1,0,0,0,0,0,0,0,0,1,0,0,0
-0.4684396311676119,-0.3080897092019745,0,0,0,1,0,0,1,0,0,0,0,0,0,0,0,0
-0.2729832066305287,-0.6886515154622581,0,0,0,1,0,0,0,0,0,0,0,0,1,0,0,0
-0.7376269489464419,1.550492536787942,1,0,0,0,0,0,1,0,0,0,0,0,0,0,0,0
-0.6669102117177226,-0.7120057921412477,0,0,0,1,0,0,0,0,1,0,0,0,0,0,0,0
-0.7376269489464419,1.3586290382240425,1,0,0,0,0,0,1,0,0,0,0,0,0,0,0,0
-0.7376269489464419,-0.7065191323677849,0,1,0,0,0,0,0,0,0,0,0,0,0,1,0,0
-0.6110323963992919,0.996382355417648,0,0,0,1,0,0,0,0,0,0,0,1,0,0,0,0
-0.4691352056321567,-0.654651402233529,0,0,0,1,0,0,0,0,0,0,0,0,1,0,0,0
0.0026961394840524,-0.5805252127374281,0,0,0,1,0,0,0,0,1,0,0,0,0,0,0,0
-0.0916401300726974,-0.561922531428493,0,0,0,1,0,0,0,0,1,0,0,0,0,0,0,0
-0.7376269489464419,2.5776618904323234,1,0,0,0,0,0,1,0,0,0,0,0,0,0,0,0
0.0026961394840524,-0.5573845343763301,0,0,0,1,0,0,0,0,1,0,0,0,0,0,0,0
-0.5859917156756798,-0.7122106124460752,0,0,0,1,0,0,0,0,0,0,0,0,1,0,0,0
-0.5270997443442217,0.1616085167760075,0,0,0,1,0,0,1,0,0,0,0,0,0,0,0,0
-0.5859917156756798,-0.0170704061657107,0,0,0,1,0,0,0,0,0,0,0,0,1,0,0,0
-0.7376269489464419,-0.7122394135085468,0,0,0,1,0,0,0,0,0,0,0,0,1,0,0,0
2.993434478871759,1.757533621547999,0,0,0,1,0,0,1,0,0,0,0,0,0,0,0,0
-0.6499845664137995,2.6459626937897216,0,0,0,1,0,0,0,0,1,0,0,0,0,0,0,0
-0.4682077730127637,-0.6546415341404114,0,0,0,1,0,0,0,0,0,0,0,0,1,0,0,0
-0.119029391811284,0.6014211080016478,0,0,0,1,0,0,1,0,0,0,0,0,0,0,0,0
-0.5859917156756798,-0.7122367743673641,0,0,0,1,0,0,0,0,0,0,0,0,1,0,0,0
0.0026961394840524,-0.5853045826739405,0,0,0,1,0,0,0,0,1,0,0,0,0,0,0,0
0.0430394584276497,-0.7097482363500273,0,0,0,0,1,0,1,0,0,0,0,0,0,0,0,0
0.6396104908522229,-0.630005438063535,0,0,0,1,0,0,0,0,0,0,0,0,1,0,0,0
-0.5528359995323786,-0.4436956678827186,0,0,0,1,0,0,0,0,0,0,0,0,1,0,0,0
-0.7258021830491806,2.921053860158245,0,0,0,1,0,0,1,0,0,0,0,0,0,0,0,0
-0.6796624102343769,0.8099869278936644,0,0,0,1,0,0,0,0,0,0,0,1,0,0,0,0
-0.08793036513618994,-0.5890636950528205,0,0,0,1,0,0,0,0,1,0,0,0,0,0,0,0
-0.7376269489464419,1.3439411848351694,1,0,0,0,0,0,1,0,0,0,0,0,0,0,0,0
-0.647665984865317,0.3965770509035132,0,0,0,1,0,0,1,0,0,0,0,0,0,0,0,0
0.0026961394840524,-0.560006808004466,0,0,0,1,0,0,0,0,1,0,0,0,0,0,0,0
1.554754628038305,0.6167236517955409,0,0,0,1,0,0,1,0,0,0,0,0,0,0,0,0
-0.5637333328102468,-0.7045895759274604,0,0,0,1,0,0,0,0,0,0,0,0,1,0,0,0
-0.5741669497784185,-0.7030111973823319,0,0,0,1,0,0,0,0,0,0,0,0,1,0,0,0
-0.6546217295107648,-0.0734401669217628,0,0,0,1,0,0,0,0,0,0,0,0,1,0,0,0
-0.5964523518781046,-0.42076655144257163,0,0,0,1,0,0,0,0,0,0,0,0,1,0,0,0
-0.6499845664137995,2.6636267695289573,0,0,0,1,0,0,0,0,1,0,0,0,0,0,0,0
-0.7376269489464419,-0.7064153452721453,0,1,0,0,0,0,0,0,0,0,0,0,0,1,0,0
-0.4357476313340073,-0.050086980322827,0,0,0,1,0,0,0,0,0,0,0,0,1,0,0,0
-0.4684396311676119,-0.6546024633763813,0,0,0,1,0,0,0,0,0,0,0,0,1,0,0,0
1.404742401851481,-0.6779680998369831,0,0,0,0,1,0,0,0,0,1,0,0,0,0,0,0
-0.1090594911528088,0.5489175743329109,0,0,0,1,0,0,1,0,0,0,0,0,0,0,0,0
-0.6402465239101727,1.5774797060501196,1,0,0,0,0,0,0,0,0,1,0,0,0,0,0,0
-0.469367063787005,-0.6546655732742273,0,0,0,1,0,0,0,0,0,0,0,0,1,0,0,0
0.6535219801431185,-0.6607154601996486,0,0,0,1,0,0,0,0,0,0,0,0,1,0,0,0
-0.6787349776149838,0.8004964614555822,0,0,0,1,0,0,0,0,0,0,0,0,1,0,0,0
0.6535219801431185,-0.6590552109052233,0,0,0,1,0,0,0,0,0,0,0,0,1,0,0,0
-0.4689033474773084,-0.6546484762291744,0,0,0,1,0,0,0,0,0,0,0,0,1,0,0,0
0.1065685928560729,2.6639918703654444,0,0,0,1,0,0,1,0,0,0,0,0,0,0,0,0
-0.5959888683990517,4.899210162102001,0,0,0,1,0,0,0,0,0,0,0,0,1,0,0,0
-0.5859917156756798,2.273872184821652,0,0,0,1,0,0,0,0,0,0,0,0,1,0,0,0
0.0741084511773165,2.700322517376357,0,0,0,1,0,0,1,0,0,0,0,0,0,0,0,0
-0.4679759148579154,-0.654315887067526,0,0,0,1,0,0,0,0,0,0,0,0,1,0,0,0
0.1100464651787968,-0.3306537925872976,0,0,0,1,0,0,0,0,0,0,0,0,1,0,0,0
1.5535953372640638,0.1027476936067046,0,0,0,1,0,0,1,0,0,0,0,0,0,0,0,0
-0.7123544100679815,-0.712269878377416,0,0,0,1,0,0,0,0,0,0,0,0,1,0,0,0
-0.4684396311676119,-0.6547329861196537,0,0,0,1,0,0,0,0,0,0,0,0,1,0,0,0
-0.4691352056321567,-0.6546505990166475,0,0,0,1,0,0,0,0,0,0,0,0,1,0,0,0
-0.09262757373226777,-0.5519459195969912,0,0,0,1,0,0,0,0,1,0,0,0,0,0,0,0
-0.5859917156756798,-0.7122285700806441,0,0,0,1,0,0,0,0,0,0,0,0,1,0,0,0
-0.7376269489464419,-0.706460440162788,0,1,0,0,0,0,0,0,0,0,0,0,0,1,0,0
0.0026961394840524,-0.5776881933387125,0,0,0,1,0,0,0,0,1,0,0,0,0,0,0,0
0.6396104908522229,-0.6301544921677203,0,0,0,1,0,0,0,0,0,0,0,0,1,0,0,0
0.3919859814742811,2.114049925629976,0,0,0,1,0,0,1,0,0,0,0,0,0,0,0,0
0.6396104908522229,-0.6369816635440668,0,0,0,1,0,0,0,0,0,0,0,0,1,0,0,0
-0.6017580702053614,1.9322615206487508,0,0,0,1,0,0,1,0,0,0,0,0,0,0,0,0
1.2607584876907114,0.6176043217336645,0,0,0,1,0,0,1,0,0,0,0,0,0,0,0,0
-0.5859917156756798,0.3300405150950073,0,0,0,1,0,0,0,0,0,0,0,0,1,0,0,0
-0.6374642260519935,2.6744715557659458,0,0,0,1,0,0,0,0,0,0,0,0,1,0,0,0
0.0179987777040376,-0.567474487471315,0,0,0,1,0,0,0,0,1,0,0,0,0,0,0,0
-0.4689033474773084,-0.6546412472772393,0,0,0,1,0,0,0,0,0,0,0,0,1,0,0,0
2.414020949905957,0.0881887565273408,0,0,0,1,0,0,1,0,0,0,0,0,0,0,0,0
-0.5859917156756798,-0.7121907041419365,0,0,0,1,0,0,0,0,0,0,0,0,1,0,0,0
0.7784935256063306,-0.7006194469992371,0,0,0,0,1,0,1,0,0,0,0,0,0,0,0,0
0.6535219801431185,-0.6645713028401362,0,0,0,1,0,0,0,0,0,0,0,0,1,0,0,0
0.1575773869226902,2.6778081186924294,0,0,0,1,0,0,1,0,0,0,0,0,0,0,0,0
0.0096518841295002,0.0955757700702158,0,0,0,1,0,0,0,0,0,0,0,0,1,0,0,0
-0.6516075734977373,-0.707237265632638,0,0,0,1,0,0,0,0,1,0,0,0,0,0,0,0
2.7149728348989983,0.6085816717565244,0,0,0,1,0,0,1,0,0,0,0,0,0,0,0,0
-0.5859917156756798,1.5162367137276678,0,0,0,1,0,0,0,0,0,0,0,0,1,0,0,0
-0.5236218720214978,-0.1909435677590901,0,0,0,1,0,0,1,0,0,0,0,0,0,0,0,0
-0.5959886411563435,4.639974761324482,0,0,0,1,0,0,0,0,0,0,0,0,1,0,0,0
1.5533634791092157,0.056683607051002,0,0,0,1,0,0,1,0,0,0,0,0,0,0,0,0
